order_filename,condition_name,description,experiment_name,dataset_name,train,test,accuracy,sd_accuracy,nsubj,citation,item_group,adult_data,age_years,link
SmithYu2008-2x2-6w,2x2 6 pairs,"2 word and 2 objects per training trial, 6 to-be-learned pairs",SmithYu2008,SmithYu2008,,,,,55,"Smith, L. & Yu, C. (2008). Infants rapidly learn word-referent mappings via cross-situational statistics. Cognition. 106(3):1558-68. doi: 10.1016/j.cognition.2007.06.010.",,F,1,https://www.ncbi.nlm.nih.gov/pmc/articles/PMC2271000/
Suanda2014-lowCD,2x2 low CD,"2 words and 2 objects per training trial, 8 low contextual diversity pairs",Suanda2014,Suanda2014,16,0,0.34,0.18,84,"Suanda, S. H., Mugwanya, N., & Namy, L. L. (2014). Cross-situational statistical word learning in young children. Journal of Experimental Child Psychology, 126, 395–411. https://doi.org/10.1016/j.jecp.2014.06.003",,F,5-7,https://www.ncbi.nlm.nih.gov/pmc/articles/PMC4116143/
Suanda2014-medCD,2x2 med CD,"2 words and 2 objects per training trial, 8 medium contextual diversity pairs",Suanda2014,Suanda2014,16,0,0.39,0.2,84,"Suanda, S. H., Mugwanya, N., & Namy, L. L. (2014). Cross-situational statistical word learning in young children. Journal of Experimental Child Psychology, 126, 395–411. https://doi.org/10.1016/j.jecp.2014.06.003",,F,5-7,https://www.ncbi.nlm.nih.gov/pmc/articles/PMC4116143/
Suanda2014-hiCD,2x2 high CD,"2 words and 2 objects per training trial, 8 high contextual diversity pairs",Suanda2014,Suanda2014,16,0,0.48,0.21,84,"Suanda, S. H., Mugwanya, N., & Namy, L. L. (2014). Cross-situational statistical word learning in young children. Journal of Experimental Child Psychology, 126, 395–411. https://doi.org/10.1016/j.jecp.2014.06.003",,F,5-7,https://www.ncbi.nlm.nih.gov/pmc/articles/PMC4116143/
KoehneTrueswellGleitman2013-aaappp,KoehneTrueswellGleitman2013-aaappp,"2 train/test blocks, 8 words each; 1 word and 4 objects per trial; 6 repetitions per word; 2 meanings per word: 1 present whenever the there; one in only half the case; other objects appeared only once with any other word (17%). Manipulated the order in which trials including and excluding the 50% referent were presented within four levels (within participants): Firstly, the 50%-present (P) and 50%-absent (A) trials could be either blocked (AAAPPP and PPPAAA) or not blocked (APAPAP and PAPAPA); secondly, the first encounter of a noun could be either an A trial (AAAPPP and APAPAP) or a P trial (PPPAAA and PAPAPA)",,Koehne_etal2013,48,0,0.1795,,64,"Koehne, J., Trueswell, J. C, & Gleitman, L. R. (2013). Multiple Proposal Memory in Observational Word Learning. Proceedings of the Annual Meeting of the Cognitive Science Society, 35.",,T,,https://escholarship.org/uc/item/5gp8j5qs
KoehneTrueswellGleitman2013-apapap,KoehneTrueswellGleitman2013-apapap,"2 train/test blocks, 8 words each; 1 word and 4 objects per trial; 6 repetitions per word; 2 meanings per word: 1 present whenever the there; one in only half the case; other objects appeared only once with any other word (17%). Manipulated the order in which trials including and excluding the 50% referent were presented within four levels (within participants): Firstly, the 50%-present (P) and 50%-absent (A) trials could be either blocked (AAAPPP and PPPAAA) or not blocked (APAPAP and PAPAPA); secondly, the first encounter of a noun could be either an A trial (AAAPPP and APAPAP) or a P trial (PPPAAA and PAPAPA)",,Koehne_etal2014,48,0,0.2305,,64,"Koehne, J., Trueswell, J. C, & Gleitman, L. R. (2013). Multiple Proposal Memory in Observational Word Learning. Proceedings of the Annual Meeting of the Cognitive Science Society, 35.",,T,,https://escholarship.org/uc/item/5gp8j5qs
KoehneTrueswellGleitman2013-papapa,KoehneTrueswellGleitman2013-papapa,"2 train/test blocks, 8 words each; 1 word and 4 objects per trial; 6 repetitions per word; 2 meanings per word: 1 present whenever the there; one in only half the case; other objects appeared only once with any other word (17%). Manipulated the order in which trials including and excluding the 50% referent were presented within four levels (within participants): Firstly, the 50%-present (P) and 50%-absent (A) trials could be either blocked (AAAPPP and PPPAAA) or not blocked (APAPAP and PAPAPA); secondly, the first encounter of a noun could be either an A trial (AAAPPP and APAPAP) or a P trial (PPPAAA and PAPAPA)",,Koehne_etal2015,48,0,0.2305,,64,"Koehne, J., Trueswell, J. C, & Gleitman, L. R. (2013). Multiple Proposal Memory in Observational Word Learning. Proceedings of the Annual Meeting of the Cognitive Science Society, 35.",,T,,https://escholarship.org/uc/item/5gp8j5qs
KoehneTrueswellGleitman2013-pppaaa,KoehneTrueswellGleitman2013-pppaaa,"2 train/test blocks, 8 words each; 1 word and 4 objects per trial; 6 repetitions per word; 2 meanings per word: 1 present whenever the there; one in only half the case; other objects appeared only once with any other word (17%). Manipulated the order in which trials including and excluding the 50% referent were presented within four levels (within participants): Firstly, the 50%-present (P) and 50%-absent (A) trials could be either blocked (AAAPPP and PPPAAA) or not blocked (APAPAP and PAPAPA); secondly, the first encounter of a noun could be either an A trial (AAAPPP and APAPAP) or a P trial (PPPAAA and PAPAPA)",,Koehne_etal2016,48,0,0.3215,,64,"Koehne, J., Trueswell, J. C, & Gleitman, L. R. (2013). Multiple Proposal Memory in Observational Word Learning. Proceedings of the Annual Meeting of the Cognitive Science Society, 35.",,T,,https://escholarship.org/uc/item/5gp8j5qs
VlachDeBrock2017_2019,VlachDeBrock2017_2019,"12 pairs, 2 pairs/trial, 36 trials; some pairs appear on consecutive trials, others are spaced",Memory,VlachDeBrock2017_2019,,,0.5583333333,0.1975,47,"Vlach, H. A., & DeBrock, C. A. (2017). Remember dax? Relations between children’s cross-situational word learning, memory, and language abilities. Journal of Memory and Language, 93, 217–230. https://doi.org/10.1016/j.jml.2016.10.001",,F,2-5,https://linkinghub.elsevier.com/retrieve/pii/S0749596X16301474
YuZhongFricker2012-pretrained,YuZhongFricker2012-pretrained,"orig4x4, but 3 pairs (which ones??) are pretrained: mean accuracy on pretrained is .9187, and accuracy on the other 15 is .5812",Pretrained,YuZhongFricker2012,,,,,64,"Yu C, Zhong Y and Fricker D (2012) Selective attention in cross-situational statistical learning: evidence from eye tracking. Front. Psychology 3:148. doi: 10.3389/fpsyg.2012.00148",,T,,https://www.frontiersin.org/journals/psychology/articles/10.3389/fpsyg.2012.00148/full
201,3x4,,Asymmetric,asymmetric_conditions,36,0,0.191111111111111,0.178,25,"Kachergis, G. & Yu, C. (2013). More naturalistic cross-situational word learning. Proceedings of the 35th Annual Conference of the Cognitive Science Society.",,T,,https://escholarship.org/uc/item/8fz765gs
202,3x4 1/.5,,Asymmetric,asymmetric_conditions,36,0,0.224444444444444,0.229,25,"Kachergis, G. & Yu, C. (2013). More naturalistic cross-situational word learning. Proceedings of the 35th Annual Conference of the Cognitive Science Society.",,T,,https://escholarship.org/uc/item/8fz765gs
203,3x4 1/.66,,Asymmetric,asymmetric_conditions,36,0,0.211111111111111,0.166,25,"Kachergis, G. & Yu, C. (2013). More naturalistic cross-situational word learning. Proceedings of the 35th Annual Conference of the Cognitive Science Society.",,T,,https://escholarship.org/uc/item/8fz765gs
204,3x4 +6o,,Asymmetric,asymmetric_conditions,36,0,0.272222222222222,0.227,20,"Kachergis, G. & Yu, C. (2013). More naturalistic cross-situational word learning. Proceedings of the 35th Annual Conference of the Cognitive Science Society.",,T,,https://escholarship.org/uc/item/8fz765gs
205,2x4,,Asymmetric,asymmetric_conditions,54,0,0.303030303030303,,33,"Kachergis, G. & Yu, C. (2013). More naturalistic cross-situational word learning. Proceedings of the 35th Annual Conference of the Cognitive Science Society.",,T,,https://escholarship.org/uc/item/8fz765gs
206,3x3 +1w/o,,1 extra pair,asymmetric_conditions,54,0,0.166666666666667,0.106,39,"Kachergis, G. & Yu, C. (2013). More naturalistic cross-situational word learning. Proceedings of the 35th Annual Conference of the Cognitive Science Society.",,T,,https://escholarship.org/uc/item/8fz765gs
207,4x4 +2w/o,,2 extra pairs,asymmetric_conditions,54,0,0.102564102564103,0.065,39,"Kachergis, G. & Yu, C. (2013). More naturalistic cross-situational word learning. Proceedings of the 35th Annual Conference of the Cognitive Science Society.",,T,,https://escholarship.org/uc/item/8fz765gs
211,1x3 6/18 4AFC,"1 word and 3 objects per training trial. In total, words appear 6 times and objects 18 times. Test is 4AFC.",Asymmetric,asymmetric_conditions,108,18,0.674418604651163,,43,"Kachergis, G. & Yu, C. (2013). More naturalistic cross-situational word learning. Proceedings of the 35th Annual Conference of the Cognitive Science Society.",,T,,https://escholarship.org/uc/item/8fz765gs
212,2x3 6/9 4AFC,"2 words and 3 objects per training trial. In total, words appear 6 times, and objects 9 time. Test is 4AFC.",Asymmetric,asymmetric_conditions,54,18,0.685672514619883,,38,"Kachergis, G. & Yu, C. (2013). More naturalistic cross-situational word learning. Proceedings of the 35th Annual Conference of the Cognitive Science Society.",,T,,https://escholarship.org/uc/item/8fz765gs
213,2x4 6/12 4AFC,"2 words and 4 objects per training trial. In total, words appear 6 times, objects 12 times. Test is 4AFC.",Asymmetric,asymmetric_conditions,54,18,0.623655913978495,,31,"Kachergis, G. & Yu, C. (2013). More naturalistic cross-situational word learning. Proceedings of the 35th Annual Conference of the Cognitive Science Society.",,T,,https://escholarship.org/uc/item/8fz765gs
214,3x4 6/8 4AFC,"3 words and 4 objects per trial. Words appear 6 times total, objects 8 times. Test is 4AFC.",Asymmetric,asymmetric_conditions,36,18,0.688271604938272,,36,"Kachergis, G. & Yu, C. (2013). More naturalistic cross-situational word learning. Proceedings of the 35th Annual Conference of the Cognitive Science Society.",,T,,https://escholarship.org/uc/item/8fz765gs
215,1x3,1 word and 3 objects per training trial. ...,Asymmetric,asymmetric_conditions,108,0,0.743961352657005,,23,"Kachergis, G. & Yu, C. (2013). More naturalistic cross-situational word learning. Proceedings of the 35th Annual Conference of the Cognitive Science Society.",,T,,https://escholarship.org/uc/item/8fz765gs
216,2x3,"2 words and 3 objects per training trial. In total, words appear 6 times, and objects 9 time. Test is 18AFC.",Asymmetric,asymmetric_conditions,54,0,0.579710144927536,,23,"Kachergis, G. & Yu, C. (2013). More naturalistic cross-situational word learning. Proceedings of the 35th Annual Conference of the Cognitive Science Society.",,T,,https://escholarship.org/uc/item/8fz765gs
217,2x4 6/12,"2 words and 4 objects per training trial. In total, words appear 6 times, objects 12 times. Test is 18AFC.",Asymmetric,asymmetric_conditions,54,0,0.325396825396825,,14,"Kachergis, G. & Yu, C. (2013). More naturalistic cross-situational word learning. Proceedings of the 35th Annual Conference of the Cognitive Science Society.",,T,,https://escholarship.org/uc/item/8fz765gs
218,3x4 6/8,"3 words and 4 objects per trial. Words appear 6 times total, objects 8 times. Test is 18AFC.",Asymmetric,asymmetric_conditions,36,0,0.418803418803419,,13,"Kachergis, G. & Yu, C. (2013). More naturalistic cross-situational word learning. Proceedings of the 35th Annual Conference of the Cognitive Science Society.",,T,,https://escholarship.org/uc/item/8fz765gs
219,2x3 6/9,"2 words and 3 objects per training trial. In total, words appear 6 times, and objects 9 time. Test is 18AFC.",Asymmetric,asymmetric_conditions,54,0,0.546875,,32,"Kachergis, G. & Yu, C. (2013). More naturalistic cross-situational word learning. Proceedings of the 35th Annual Conference of the Cognitive Science Society.",,T,,https://escholarship.org/uc/item/8fz765gs
220,3x4 9/12,"3 words and 4 objects per training trial. Words appear 9 times total, objects 12 times. Test is 18AFC.",Asymmetric,asymmetric_conditions,54,0,0.685185185185185,,33,"Kachergis, G. & Yu, C. (2013). More naturalistic cross-situational word learning. Proceedings of the 35th Annual Conference of the Cognitive Science Society.",,T,,https://escholarship.org/uc/item/8fz765gs
221,1x4,1 word and 4 objects per training trial.,Asymmetric,asymmetric_conditions,108,0,0.190277777777778,0.146,40,"Kachergis, G. & Yu, C. (2013). More naturalistic cross-situational word learning. Proceedings of the 35th Annual Conference of the Cognitive Science Society.",,T,,https://escholarship.org/uc/item/8fz765gs
222,1x3,1 word and 3 objects per training trial.,Asymmetric,asymmetric_conditions,108,0,0.391666666666667,0.276,40,"Kachergis, G. & Yu, C. (2013). More naturalistic cross-situational word learning. Proceedings of the 35th Annual Conference of the Cognitive Science Society.",,T,,https://escholarship.org/uc/item/8fz765gs
orig_order4x4,4x4,"4 words and 4 objects per training trial, 6 repetitions per pair totalling 27 trials.",Symmetric,asymmetric_conditions,,,0.18,0.135,77,"Kachergis, G. & Yu, C. (2013). More naturalistic cross-situational word learning. Proceedings of the 35th Annual Conference of the Cognitive Science Society.",,T,,https://escholarship.org/uc/item/8fz765gs
orig_3x3,3x3,"3 words and 3 objects per training trial, 6 repetitions per pair.",Symmetric,asymmetric_conditions,36,0,0.425925925925926,,104,"Kachergis, G. & Yu, C. (2013). More naturalistic cross-situational word learning. Proceedings of the 35th Annual Conference of the Cognitive Science Society.",,T,,https://escholarship.org/uc/item/8fz765gs
orig_2x2,2x2,"2 words and 2 objects per trial, 6 repetitions per pair.",Symmetric,asymmetric_conditions,,,,,19,"Kachergis, G. & Yu, C. (2013). More naturalistic cross-situational word learning. Proceedings of the 35th Annual Conference of the Cognitive Science Society.",,T,,https://escholarship.org/uc/item/8fz765gs
301_training_R,2x2 5x 24AFC,2 words and 2 objects per training trial.,Symmetric,asymmetric_conditions,,,,,46,"Kachergis, G. & Yu, C. (2013). More naturalistic cross-situational word learning. Proceedings of the 35th Annual Conference of the Cognitive Science Society.",,T,,https://escholarship.org/uc/item/8fz765gs
Medina2013orders,HI first,Highly-Informative (unambiguous) situation is presented first,Exp. 2: information order,,,,,,64,"Medina, T. N., Snedeker, J., Trueswell, J. C., & Gleitman, L. R. (2011). How words can and cannot be learned by observation. PNAS Proceedings of the National Academy of Sciences of the United States of America, 108(22), 9014–9019. https://doi.org/10.1073/pnas.1105040108",,T,,https://www.pnas.org/doi/full/10.1073/pnas.1105040108
Medina2013orders,HI mid,Highly-Informative (unambiguous) situation is presented in the middle of training,Exp. 2: information order,,,,,,64,"Medina, T. N., Snedeker, J., Trueswell, J. C., & Gleitman, L. R. (2011). How words can and cannot be learned by observation. PNAS Proceedings of the National Academy of Sciences of the United States of America, 108(22), 9014–9019. https://doi.org/10.1073/pnas.1105040108",,T,,https://www.pnas.org/doi/full/10.1073/pnas.1105040108
Medina2013orders,HI last,Highly-Informative (unambiguous) situation is presented at the end of training,Exp. 2: information order,,,,,,64,"Medina, T. N., Snedeker, J., Trueswell, J. C., & Gleitman, L. R. (2011). How words can and cannot be learned by observation. PNAS Proceedings of the National Academy of Sciences of the United States of America, 108(22), 9014–9019. https://doi.org/10.1073/pnas.1105040108",,T,,https://www.pnas.org/doi/full/10.1073/pnas.1105040108
Medina2013orders,HI absent,Highly-Informative (unambiguous) situation is absent from training,Exp. 2: information order,,,,,,64,"Medina, T. N., Snedeker, J., Trueswell, J. C., & Gleitman, L. R. (2011). How words can and cannot be learned by observation. PNAS Proceedings of the National Academy of Sciences of the United States of America, 108(22), 9014–9019. https://doi.org/10.1073/pnas.1105040108",,T,,https://www.pnas.org/doi/full/10.1073/pnas.1105040108
filt0E_3L,"0 early, 3 late",12 word-object pairs presented 2 at a time. Each of 6 pairs co-occurs 3 times with a particular pair (so mapping is ambiguous).,Filtering,filtering,18,0,0.384408602150538,,31,"Kachergis, G., Yu, C., & Shiffrin, R. M. (2012). An associative model of adaptive inference for learning word–referent mappings. Psychonomic Bulletin & Review, 19(2), 317–324. https://doi.org/10.3758/s13423-011-0194-6",,T,,https://link.springer.com/article/10.3758/s13423-011-0194-6
filt0E_6L,"0 early, 6 late",12 word-object pairs presented 2 at a time. Each of 6 pairs co-occurs 6 times with a particular pair (so mapping is ambiguous).,Filtering,filtering,36,0,0.469672571121846,,27,"Kachergis, G., Yu, C., & Shiffrin, R. M. (2012). An associative model of adaptive inference for learning word–referent mappings. Psychonomic Bulletin & Review, 19(2), 317–324. https://doi.org/10.3758/s13423-011-0194-6",,T,,https://link.springer.com/article/10.3758/s13423-011-0194-6
filt0E_9L,"0 early, 9 late",12 word-object pairs presented 2 at a time. Each of 6 pairs co-occurs 9 times with a particular pair (so mapping is ambiguous).,Filtering,filtering,54,0,0.540322580645161,,31,"Kachergis, G., Yu, C., & Shiffrin, R. M. (2012). An associative model of adaptive inference for learning word–referent mappings. Psychonomic Bulletin & Review, 19(2), 317–324. https://doi.org/10.3758/s13423-011-0194-6",,T,,https://link.springer.com/article/10.3758/s13423-011-0194-6
filt3E_3L,"3 early, 3 late","12 word-object pairs presented 2 at a time. The 6 early-stage pairs appear 3 times, and each late-stage pair co-occurs 3 times with a particular early-stage pair.",Filtering,filtering,27,0,0.719444444444444,,30,"Kachergis, G., Yu, C., & Shiffrin, R. M. (2012). An associative model of adaptive inference for learning word–referent mappings. Psychonomic Bulletin & Review, 19(2), 317–324. https://doi.org/10.3758/s13423-011-0194-6",,T,,https://link.springer.com/article/10.3758/s13423-011-0194-6
filt3E_6L,"3 early, 6 late","12 word-object pairs presented 2 at a time. The 6 early-stage pairs appear 3 times, and each late-stage pair co-occurs 6 times with a particular early-stage pair.",Filtering,filtering,45,0,0.673778851315083,,27,"Kachergis, G., Yu, C., & Shiffrin, R. M. (2012). An associative model of adaptive inference for learning word–referent mappings. Psychonomic Bulletin & Review, 19(2), 317–324. https://doi.org/10.3758/s13423-011-0194-6",,T,,https://link.springer.com/article/10.3758/s13423-011-0194-6
filt3E_9L,"3 early, 9 late","12 word-object pairs presented 2 at a time. The 6 early-stage pairs appear 3 times, and each late-stage pair co-occurs 9 times with a particular early-stage pair.",Filtering,filtering,63,0,0.827956989247312,,31,"Kachergis, G., Yu, C., & Shiffrin, R. M. (2012). An associative model of adaptive inference for learning word–referent mappings. Psychonomic Bulletin & Review, 19(2), 317–324. https://doi.org/10.3758/s13423-011-0194-6",,T,,https://link.springer.com/article/10.3758/s13423-011-0194-6
filt6E_3L,"6 early, 3 late","12 word-object pairs presented 2 at a time. The 6 early-stage pairs appear 6 times, and each late-stage pair co-occurs 3 times with a particular early-stage pair.",Filtering,filtering,36,0,0.708333333333333,,30,"Kachergis, G., Yu, C., & Shiffrin, R. M. (2012). An associative model of adaptive inference for learning word–referent mappings. Psychonomic Bulletin & Review, 19(2), 317–324. https://doi.org/10.3758/s13423-011-0194-6",,T,,https://link.springer.com/article/10.3758/s13423-011-0194-6
filt6E_6L,"6 early, 6 late","12 word-object pairs presented 2 at a time. The 6 early-stage pairs appear 6 times, and each late-stage pair co-occurs 6 times with a particular early-stage pair.",Filtering,filtering,54,0,0.788513150831991,,27,"Kachergis, G., Yu, C., & Shiffrin, R. M. (2012). An associative model of adaptive inference for learning word–referent mappings. Psychonomic Bulletin & Review, 19(2), 317–324. https://doi.org/10.3758/s13423-011-0194-6",,T,,https://link.springer.com/article/10.3758/s13423-011-0194-6
filt6E_9L,"6 early, 9 late","12 word-object pairs presented 2 at a time. The 6 early-stage pairs appear 6 times, and each late-stage pair co-occurs 9 times with a particular early-stage pair.",Filtering,filtering,72,0,0.82258064516129,,31,"Kachergis, G., Yu, C., & Shiffrin, R. M. (2012). An associative model of adaptive inference for learning word–referent mappings. Psychonomic Bulletin & Review, 19(2), 317–324. https://doi.org/10.3758/s13423-011-0194-6",,T,,https://link.springer.com/article/10.3758/s13423-011-0194-6
filt9E_3L,"9 early, 3 late","12 word-object pairs presented 2 at a time. The 6 early-stage pairs appear 9 times, and each late-stage pair co-occurs 3 times with a particular early-stage pair.",Filtering,filtering,45,0,0.696236559139785,,31,"Kachergis, G., Yu, C., & Shiffrin, R. M. (2012). An associative model of adaptive inference for learning word–referent mappings. Psychonomic Bulletin & Review, 19(2), 317–324. https://doi.org/10.3758/s13423-011-0194-6",,T,,https://link.springer.com/article/10.3758/s13423-011-0194-6
filt9E_6L,"9 early, 6 late","12 word-object pairs presented 2 at a time. The 6 early-stage pairs appear 9 times, and each late-stage pair co-occurs 6 times with a particular early-stage pair.",Filtering,filtering,63,0,0.747047772410091,,27,"Kachergis, G., Yu, C., & Shiffrin, R. M. (2012). An associative model of adaptive inference for learning word–referent mappings. Psychonomic Bulletin & Review, 19(2), 317–324. https://doi.org/10.3758/s13423-011-0194-6",,T,,https://link.springer.com/article/10.3758/s13423-011-0194-6
filt9E_9L,"9 early, 9 late","12 word-object pairs presented 2 at a time. The 6 early-stage pairs appear 9 times, and each late-stage pair co-occurs 9 times with a particular early-stage pair.",Filtering,filtering,81,0,0.85752688172043,,31,"Kachergis, G., Yu, C., & Shiffrin, R. M. (2012). An associative model of adaptive inference for learning word–referent mappings. Psychonomic Bulletin & Review, 19(2), 317–324. https://doi.org/10.3758/s13423-011-0194-6",,T,,https://link.springer.com/article/10.3758/s13423-011-0194-6
1_max_temp_spat_cont_orig,"4x4 maximum TC, with spatial contiguity","Original 4x4 trials, reordered for maximum temporal contiguity, and location of objects stay the same (spatial contiguity).",Temporal Contiguity,temporal_contiguity,27,0,0.488888888888889,,30,"Kachergis, G., Yu, C., & Shiffrin, R. M. (2009). Temporal contiguity in cross-situational statistical learning. Proceedings of the 31st Annual Meeting of the Cognitive Science Society.",,T,,https://escholarship.org/content/qt46d730t1/qt46d730t1.pdf
1olap3tr_contr,TC: 1 overlap per 3 trials,,Temporal Contiguity,temporal_contiguity,,,,,,"Kachergis, G., Yu, C., & Shiffrin, R. M. (2009). Temporal contiguity in cross-situational statistical learning. Proceedings of the 31st Annual Meeting of the Cognitive Science Society.",,T,,https://escholarship.org/content/qt46d730t1/qt46d730t1.pdf
4_no_spat_orig_max_tc,4x4 maximum TC,"Original 4x4 trials, reordered for maximum temporal contiguity",Temporal Contiguity,temporal_contiguity,27,0,0.404513888888889,,32,"Kachergis, G., Yu, C., & Shiffrin, R. M. (2009). Temporal contiguity in cross-situational statistical learning. Proceedings of the 31st Annual Meeting of the Cognitive Science Society.",,T,,https://escholarship.org/content/qt46d730t1/qt46d730t1.pdf
temp_cont_1olap2tr_contr,"TC: 1 overlap per 2 trials, contr",,Temporal Contiguity,temporal_contiguity,,,,,,"Kachergis, G., Yu, C., & Shiffrin, R. M. (2009). Temporal contiguity in cross-situational statistical learning. Proceedings of the 31st Annual Meeting of the Cognitive Science Society.",,T,,https://escholarship.org/content/qt46d730t1/qt46d730t1.pdf
temp_cont_1olap2tr,TC: 1 overlap per 2 trials,,Temporal Contiguity,temporal_contiguity,,,,,,"Kachergis, G., Yu, C., & Shiffrin, R. M. (2009). Temporal contiguity in cross-situational statistical learning. Proceedings of the 31st Annual Meeting of the Cognitive Science Society.",,T,,https://escholarship.org/content/qt46d730t1/qt46d730t1.pdf
temp_cont_1olap3tr,TC: 1 overlap per 3 trials,,Temporal Contiguity,temporal_contiguity,,,,,,"Kachergis, G., Yu, C., & Shiffrin, R. M. (2009). Temporal contiguity in cross-situational statistical learning. Proceedings of the 31st Annual Meeting of the Cognitive Science Society.",,T,,https://escholarship.org/content/qt46d730t1/qt46d730t1.pdf
temp_cont_2olap2tr_contr,"TC: 2 overlap per 2 trials, contr",,Temporal Contiguity,temporal_contiguity,,,,,,"Kachergis, G., Yu, C., & Shiffrin, R. M. (2009). Temporal contiguity in cross-situational statistical learning. Proceedings of the 31st Annual Meeting of the Cognitive Science Society.",,T,,https://escholarship.org/content/qt46d730t1/qt46d730t1.pdf
temp_cont_2olap2tr,TC: 2 overlap per 2 trials,4 words and 4 objects per trial.,Temporal Contiguity,temporal_contiguity,,,,,,"Kachergis, G., Yu, C., & Shiffrin, R. M. (2009). Temporal contiguity in cross-situational statistical learning. Proceedings of the 31st Annual Meeting of the Cognitive Science Society.",,T,,https://escholarship.org/content/qt46d730t1/qt46d730t1.pdf
2_x8_39_4x4,4x4 Freq 3 and 9,4 words and 4 objects per training trial. 9 pairs appear 3 times (low frequency); 9 pairs appear 9 times.,Frequency & Context Diversity,frequency_contextual_diversity,27,0,0.411111111111111,,30,"Kachergis G, Yu C, Shiffrin RM. (2017). A Bootstrapping Model of Frequency and Context Effects in Word Learning. Cognitive Science, 41(3):590-622. doi: 10.1111/cogs.12353.",,T,,https://pubmed.ncbi.nlm.nih.gov/26988198/
3_x8_369_4x4,"4x4 Freq 3, 6, 9; CD: all mixed","4 words and 4 objects per training trial. 6 pairs appear each of 3, 6, or 9 times (low-, medium-, or high-frequency)",Frequency & Context Diversity,frequency_contextual_diversity,27,0,0.331081081081081,,74,"Kachergis G, Yu C, Shiffrin RM. (2017). A Bootstrapping Model of Frequency and Context Effects in Word Learning. Cognitive Science, 41(3):590-622. doi: 10.1111/cogs.12353.",,T,,https://pubmed.ncbi.nlm.nih.gov/26988198/
cont_div6-12,3x3 Contextual Diversity 6 vs 12,"3 words and 3 objects per training trial. 12 pairs appear only with each other (high contextual diversity; CD), and the other 6 pairs appear only with other (low CD).",Frequency & Context Diversity,frequency_contextual_diversity,36,0,0.434587813620072,,40,"Kachergis G, Yu C, Shiffrin RM. (2017). A Bootstrapping Model of Frequency and Context Effects in Word Learning. Cognitive Science, 41(3):590-622. doi: 10.1111/cogs.12353.",,T,,https://pubmed.ncbi.nlm.nih.gov/26988198/
freq369_36mx,"3x3 Freq 3,6,9; CD: 3&6 mixed","3 words and 3 objects per training trial. 6 pairs appear 3, 6, or 9 times; 3- and 6-frequency pairs are mixed (high contextual diversity), while 9-frequency pairs are low contextual diversity.",Frequency & Context Diversity,frequency_contextual_diversity,36,0,0.453703703703704,,62,"Kachergis G, Yu C, Shiffrin RM. (2017). A Bootstrapping Model of Frequency and Context Effects in Word Learning. Cognitive Science, 41(3):590-622. doi: 10.1111/cogs.12353.",,T,,https://pubmed.ncbi.nlm.nih.gov/26988198/
freq369_39mx,"3x3 Freq 3,6,9; CD: 3&9 mixed","3 words and 3 objects per training trial. 6 pairs appear 3, 6, or 9 times; 3- and 9-frequency pairs are mixed (high contextual diversity), while 6-frequency pairs are low contextual diversity.",Frequency & Context Diversity,frequency_contextual_diversity,36,0,0.622222222222222,,66,"Kachergis G, Yu C, Shiffrin RM. (2017). A Bootstrapping Model of Frequency and Context Effects in Word Learning. Cognitive Science, 41(3):590-622. doi: 10.1111/cogs.12353.",,T,,https://pubmed.ncbi.nlm.nih.gov/26988198/
freq369-3x3hiCD,"3x3 Freq 3,6,9; CD: all mixed","3 words and 3 objects per training trial. 3 groups of 6 items, appearing 3, 6 or 9 times. All 18 to-be-learned pairs co-occur randomly (i.e. high contextual diversity).",Frequency & Context Diversity,frequency_contextual_diversity,36,0,0.555021367521368,,26,"Kachergis G, Yu C, Shiffrin RM. (2017). A Bootstrapping Model of Frequency and Context Effects in Word Learning. Cognitive Science, 41(3):590-622. doi: 10.1111/cogs.12353.",,T,,https://pubmed.ncbi.nlm.nih.gov/26988198/
freq369-3x3loCD,"3x3 Freq 3,6,9; CD: no mixing","3 words and 3 objects per training trial. 3 groups of 6 items, appearing 3, 6 or 9 times. Pairs only co-occur with items of the same frequency (i.e. low contextual diversity).",Frequency & Context Diversity,frequency_contextual_diversity,36,0,0.329777008842753,,102,"Kachergis G, Yu C, Shiffrin RM. (2017). A Bootstrapping Model of Frequency and Context Effects in Word Learning. Cognitive Science, 41(3):590-622. doi: 10.1111/cogs.12353.",,T,,https://pubmed.ncbi.nlm.nih.gov/26988198/
