"label","word_index","accuracy"
"201",1,0.28
"201",2,0.12
"201",3,0.16
"201",4,0.32
"201",5,0.08
"201",6,0.08
"201",7,0.36
"201",8,0.16
"201",9,0.04
"201",10,0.12
"201",11,0.2
"201",12,0.4
"201",13,0.44
"201",14,0.2
"201",15,0.12
"201",16,0.08
"201",17,0.2
"201",18,0.08
"202",1,0.28
"202",2,0.08
"202",3,0.4
"202",4,0.28
"202",5,0.28
"202",6,0.2
"202",7,0.4
"202",8,0.32
"202",9,0.36
"202",10,0.12
"202",11,0.16
"202",12,0.28
"202",13,0.08
"202",14,0.08
"202",15,0.32
"202",16,0.12
"202",17,0.12
"202",18,0.16
"203",1,0.32
"203",2,0.28
"203",3,0.16
"203",4,0.12
"203",5,0.12
"203",6,0.16
"203",7,0.2
"203",8,0.32
"203",9,0.2
"203",10,0.08
"203",11,0.24
"203",12,0.28
"203",13,0.32
"203",14,0.08
"203",15,0.28
"203",16,0.2
"203",17,0.32
"203",18,0.12
"204",1,0.45
"204",2,0.45
"204",3,0.2
"204",4,0.15
"204",5,0.25
"204",6,0.3
"204",7,0.1
"204",8,0.25
"204",9,0.2
"204",10,0.2
"204",11,0.5
"204",12,0.25
"204",13,0.3
"204",14,0.25
"204",15,0.4
"204",16,0.3
"204",17,0.1
"204",18,0.25
"205",1,0.212121212121212
"205",2,0.151515151515152
"205",3,0.696969696969697
"205",4,0.424242424242424
"205",5,0.212121212121212
"205",6,0.151515151515152
"205",7,0.515151515151515
"205",8,0.121212121212121
"205",9,0.272727272727273
"205",10,0.242424242424242
"205",11,0.424242424242424
"205",12,0.363636363636364
"205",13,0.303030303030303
"205",14,0.212121212121212
"205",15,0.424242424242424
"205",16,0.363636363636364
"205",17,0.212121212121212
"205",18,0.151515151515152
"206",1,0.256410256410256
"206",2,0.17948717948718
"206",3,0.102564102564103
"206",4,0.256410256410256
"206",5,0.0512820512820513
"206",6,0.102564102564103
"206",7,0.102564102564103
"206",8,0.256410256410256
"206",9,0.128205128205128
"206",10,0.282051282051282
"206",11,0.128205128205128
"206",12,0.102564102564103
"206",13,0.153846153846154
"206",14,0.230769230769231
"206",15,0.282051282051282
"206",16,0.0512820512820513
"206",17,0.230769230769231
"206",18,0.102564102564103
"207",1,0.0769230769230769
"207",2,0.102564102564103
"207",3,0.0769230769230769
"207",4,0.17948717948718
"207",5,0.0769230769230769
"207",6,0.0512820512820513
"207",7,0.153846153846154
"207",8,0.17948717948718
"207",9,0.102564102564103
"207",10,0.0769230769230769
"207",11,0.17948717948718
"207",12,0.0256410256410256
"207",13,0
"207",14,0.128205128205128
"207",15,0.102564102564103
"207",16,0.153846153846154
"207",17,0.128205128205128
"207",18,0.0512820512820513
"211",1,0.534883720930233
"211",2,0.697674418604651
"211",3,0.674418604651163
"211",4,0.767441860465116
"211",5,0.581395348837209
"211",6,0.604651162790698
"211",7,0.906976744186046
"211",8,0.744186046511628
"211",9,0.790697674418605
"211",10,0.581395348837209
"211",11,0.790697674418605
"211",12,0.604651162790698
"211",13,0.627906976744186
"211",14,0.651162790697674
"211",15,0.534883720930233
"211",16,0.674418604651163
"211",17,0.72093023255814
"211",18,0.651162790697674
"212",1,0.842105263157895
"212",2,0.789473684210526
"212",3,0.763157894736842
"212",4,0.657894736842105
"212",5,0.526315789473684
"212",6,0.710526315789474
"212",7,0.631578947368421
"212",8,0.81578947368421
"212",9,0.631578947368421
"212",10,0.736842105263158
"212",11,0.657894736842105
"212",12,0.578947368421053
"212",13,0.552631578947368
"212",14,0.710526315789474
"212",15,0.868421052631579
"212",16,0.763157894736842
"212",17,0.578947368421053
"212",18,0.526315789473684
"213",1,0.67741935483871
"213",2,0.67741935483871
"213",3,0.741935483870968
"213",4,0.548387096774194
"213",5,0.709677419354839
"213",6,0.483870967741935
"213",7,0.67741935483871
"213",8,0.580645161290323
"213",9,0.774193548387097
"213",10,0.580645161290323
"213",11,0.774193548387097
"213",12,0.548387096774194
"213",13,0.645161290322581
"213",14,0.451612903225806
"213",15,0.806451612903226
"213",16,0.451612903225806
"213",17,0.645161290322581
"213",18,0.451612903225806
"214",1,0.666666666666667
"214",2,0.777777777777778
"214",3,0.5
"214",4,0.777777777777778
"214",5,0.611111111111111
"214",6,0.666666666666667
"214",7,0.638888888888889
"214",8,0.777777777777778
"214",9,0.75
"214",10,0.666666666666667
"214",11,0.722222222222222
"214",12,0.527777777777778
"214",13,0.75
"214",14,0.611111111111111
"214",15,0.638888888888889
"214",16,0.777777777777778
"214",17,0.75
"214",18,0.777777777777778
"215",1,0.91304347826087
"215",2,0.695652173913043
"215",3,0.782608695652174
"215",4,0.869565217391304
"215",5,0.652173913043478
"215",6,0.782608695652174
"215",7,0.956521739130435
"215",8,0.782608695652174
"215",9,0.739130434782609
"215",10,0.782608695652174
"215",11,0.782608695652174
"215",12,0.739130434782609
"215",13,0.652173913043478
"215",14,0.695652173913043
"215",15,0.608695652173913
"215",16,0.826086956521739
"215",17,0.608695652173913
"215",18,0.521739130434783
"216",1,0.608695652173913
"216",2,0.608695652173913
"216",3,0.565217391304348
"216",4,0.608695652173913
"216",5,0.565217391304348
"216",6,0.434782608695652
"216",7,0.565217391304348
"216",8,0.695652173913043
"216",9,0.608695652173913
"216",10,0.478260869565217
"216",11,0.652173913043478
"216",12,0.565217391304348
"216",13,0.565217391304348
"216",14,0.608695652173913
"216",15,0.695652173913043
"216",16,0.478260869565217
"216",17,0.608695652173913
"216",18,0.521739130434783
"217",1,0.214285714285714
"217",2,0.357142857142857
"217",3,0.5
"217",4,0.714285714285714
"217",5,0.357142857142857
"217",6,0.428571428571429
"217",7,0.142857142857143
"217",8,0.357142857142857
"217",9,0.357142857142857
"217",10,0.642857142857143
"217",11,0.357142857142857
"217",12,0.285714285714286
"217",13,0.285714285714286
"217",14,0.357142857142857
"217",15,0.142857142857143
"217",16,0.142857142857143
"217",17,0
"217",18,0.214285714285714
"218",1,0.692307692307692
"218",2,0.461538461538462
"218",3,0.230769230769231
"218",4,0.538461538461538
"218",5,0.384615384615385
"218",6,0.307692307692308
"218",7,0.384615384615385
"218",8,0.615384615384615
"218",9,0.461538461538462
"218",10,0.384615384615385
"218",11,0.384615384615385
"218",12,0.153846153846154
"218",13,0.538461538461538
"218",14,0.230769230769231
"218",15,0.461538461538462
"218",16,0.384615384615385
"218",17,0.461538461538462
"218",18,0.461538461538462
"219",1,0.59375
"219",2,0.5
"219",3,0.53125
"219",4,0.6875
"219",5,0.53125
"219",6,0.375
"219",7,0.53125
"219",8,0.625
"219",9,0.40625
"219",10,0.3125
"219",11,0.5625
"219",12,0.4375
"219",13,0.59375
"219",14,0.65625
"219",15,0.53125
"219",16,0.625
"219",17,0.59375
"219",18,0.75
"220",1,0.757575757575758
"220",2,0.727272727272727
"220",3,0.787878787878788
"220",4,0.727272727272727
"220",5,0.696969696969697
"220",6,0.727272727272727
"220",7,0.757575757575758
"220",8,0.696969696969697
"220",9,0.454545454545455
"220",10,0.606060606060606
"220",11,0.666666666666667
"220",12,0.636363636363636
"220",13,0.696969696969697
"220",14,0.696969696969697
"220",15,0.666666666666667
"220",16,0.666666666666667
"220",17,0.757575757575758
"220",18,0.606060606060606
"221",1,0.25
"221",2,0.05
"221",3,0.15
"221",4,0.175
"221",5,0.325
"221",6,0.175
"221",7,0.375
"221",8,0.225
"221",9,0.2
"221",10,0.025
"221",11,0.225
"221",12,0.125
"221",13,0.2
"221",14,0.2
"221",15,0.375
"221",16,0.1
"221",17,0.075
"221",18,0.175
"222",1,0.4
"222",2,0.25
"222",3,0.375
"222",4,0.425
"222",5,0.3
"222",6,0.225
"222",7,0.625
"222",8,0.5
"222",9,0.225
"222",10,0.425
"222",11,0.35
"222",12,0.6
"222",13,0.475
"222",14,0.45
"222",15,0.325
"222",16,0.45
"222",17,0.275
"222",18,0.375
"223",1,0.376623376623377
"223",2,0.272727272727273
"223",3,0.285714285714286
"223",4,0.337662337662338
"223",5,0.337662337662338
"223",6,0.285714285714286
"223",7,0.272727272727273
"223",8,0.363636363636364
"223",9,0.246753246753247
"223",10,0.285714285714286
"223",11,0.532467532467532
"223",12,0.25974025974026
"223",13,0.272727272727273
"223",14,0.337662337662338
"223",15,0.285714285714286
"223",16,0.324675324675325
"223",17,0.285714285714286
"223",18,0.25974025974026
"224",1,0.555555555555556
"224",2,0.472222222222222
"224",3,0.416666666666667
"224",4,0.5
"224",5,0.472222222222222
"224",6,0.305555555555556
"224",7,0.305555555555556
"224",8,0.444444444444444
"224",9,0.333333333333333
"224",10,0.277777777777778
"224",11,0.5
"224",12,0.472222222222222
"224",13,0.416666666666667
"224",14,0.472222222222222
"224",15,0.5
"224",16,0.472222222222222
"224",17,0.361111111111111
"224",18,0.388888888888889
"225",1,0.736842105263158
"225",2,0.789473684210526
"225",3,1
"225",4,0.789473684210526
"225",5,0.894736842105263
"225",6,0.68421052631579
"225",7,0.947368421052632
"225",8,0.578947368421053
"225",9,0.736842105263158
"225",10,0.68421052631579
"225",11,0.894736842105263
"225",12,0.947368421052632
"225",13,0.736842105263158
"225",14,0.736842105263158
"225",15,0.842105263157895
"225",16,0.631578947368421
"225",17,0.789473684210526
"225",18,0.736842105263158
"301",1,0.565217391304348
"301",2,0.760869565217391
"301",3,0.543478260869565
"301",4,0.456521739130435
"301",5,0.543478260869565
"301",6,0.456521739130435
"301",7,0.717391304347826
"301",8,0.673913043478261
"301",9,0.521739130434783
"301",10,0.347826086956522
"301",11,0.41304347826087
"301",12,0.456521739130435
"301",13,0.41304347826087
"301",14,0.41304347826087
"301",15,0.630434782608696
"301",16,0.326086956521739
"301",17,0.608695652173913
"301",18,0.456521739130435
"301",19,0.543478260869565
"301",20,0.58695652173913
"301",21,0.565217391304348
"301",22,0.630434782608696
"301",23,0.369565217391304
"301",24,0.326086956521739
"filt0E_3L",1,0.387096774193548
"filt0E_3L",2,0.258064516129032
"filt0E_3L",3,0.483870967741935
"filt0E_3L",4,0.32258064516129
"filt0E_3L",5,0.483870967741935
"filt0E_3L",6,0.32258064516129
"filt0E_3L",7,0.483870967741935
"filt0E_3L",8,0.258064516129032
"filt0E_3L",9,0.354838709677419
"filt0E_3L",10,0.354838709677419
"filt0E_3L",11,0.516129032258065
"filt0E_3L",12,0.387096774193548
"filt3E_3L",1,0.766666666666667
"filt3E_3L",2,0.8
"filt3E_3L",3,0.5
"filt3E_3L",4,0.633333333333333
"filt3E_3L",5,0.7
"filt3E_3L",6,0.7
"filt3E_3L",7,0.833333333333333
"filt3E_3L",8,0.833333333333333
"filt3E_3L",9,0.7
"filt3E_3L",10,0.566666666666667
"filt3E_3L",11,0.9
"filt3E_3L",12,0.7
"filt6E_3L",1,0.633333333333333
"filt6E_3L",2,0.6
"filt6E_3L",3,0.766666666666667
"filt6E_3L",4,0.666666666666667
"filt6E_3L",5,0.7
"filt6E_3L",6,0.6
"filt6E_3L",7,0.9
"filt6E_3L",8,0.766666666666667
"filt6E_3L",9,0.7
"filt6E_3L",10,0.7
"filt6E_3L",11,0.633333333333333
"filt6E_3L",12,0.833333333333333
"filt9E_3L",1,0.548387096774194
"filt9E_3L",2,0.741935483870968
"filt9E_3L",3,0.774193548387097
"filt9E_3L",4,0.709677419354839
"filt9E_3L",5,0.741935483870968
"filt9E_3L",6,0.612903225806452
"filt9E_3L",7,0.709677419354839
"filt9E_3L",8,0.806451612903226
"filt9E_3L",9,0.741935483870968
"filt9E_3L",10,0.548387096774194
"filt9E_3L",11,0.709677419354839
"filt9E_3L",12,0.709677419354839
"filt0E_6L",1,0.518518518518518
"filt0E_6L",2,0.296296296296296
"filt0E_6L",3,0.592592592592593
"filt0E_6L",4,0.259259259259259
"filt0E_6L",5,0.444444444444444
"filt0E_6L",6,0.481481481481481
"filt0E_6L",7,0.478260869565217
"filt0E_6L",8,0.521739130434783
"filt0E_6L",9,0.521739130434783
"filt0E_6L",10,0.434782608695652
"filt0E_6L",11,0.652173913043478
"filt0E_6L",12,0.434782608695652
"filt3E_6L",1,0.592592592592593
"filt3E_6L",2,0.888888888888889
"filt3E_6L",3,0.666666666666667
"filt3E_6L",4,0.740740740740741
"filt3E_6L",5,0.777777777777778
"filt3E_6L",6,0.592592592592593
"filt3E_6L",7,0.521739130434783
"filt3E_6L",8,0.695652173913043
"filt3E_6L",9,0.521739130434783
"filt3E_6L",10,0.652173913043478
"filt3E_6L",11,0.695652173913043
"filt3E_6L",12,0.739130434782609
"filt6E_6L",1,0.740740740740741
"filt6E_6L",2,0.703703703703704
"filt6E_6L",3,0.777777777777778
"filt6E_6L",4,0.777777777777778
"filt6E_6L",5,0.814814814814815
"filt6E_6L",6,0.777777777777778
"filt6E_6L",7,0.956521739130435
"filt6E_6L",8,0.826086956521739
"filt6E_6L",9,0.608695652173913
"filt6E_6L",10,0.782608695652174
"filt6E_6L",11,0.869565217391304
"filt6E_6L",12,0.826086956521739
"filt9E_6L",1,0.703703703703704
"filt9E_6L",2,0.814814814814815
"filt9E_6L",3,0.851851851851852
"filt9E_6L",4,0.666666666666667
"filt9E_6L",5,0.888888888888889
"filt9E_6L",6,0.777777777777778
"filt9E_6L",7,0.739130434782609
"filt9E_6L",8,0.652173913043478
"filt9E_6L",9,0.652173913043478
"filt9E_6L",10,0.608695652173913
"filt9E_6L",11,0.782608695652174
"filt9E_6L",12,0.826086956521739
"filt0E_9L",1,0.451612903225806
"filt0E_9L",2,0.645161290322581
"filt0E_9L",3,0.612903225806452
"filt0E_9L",4,0.580645161290323
"filt0E_9L",5,0.419354838709677
"filt0E_9L",6,0.645161290322581
"filt0E_9L",7,0.612903225806452
"filt0E_9L",8,0.612903225806452
"filt0E_9L",9,0.483870967741935
"filt0E_9L",10,0.387096774193548
"filt0E_9L",11,0.483870967741935
"filt0E_9L",12,0.548387096774194
"filt3E_9L",1,0.774193548387097
"filt3E_9L",2,0.774193548387097
"filt3E_9L",3,0.935483870967742
"filt3E_9L",4,0.870967741935484
"filt3E_9L",5,0.741935483870968
"filt3E_9L",6,0.870967741935484
"filt3E_9L",7,0.903225806451613
"filt3E_9L",8,0.806451612903226
"filt3E_9L",9,0.741935483870968
"filt3E_9L",10,0.709677419354839
"filt3E_9L",11,0.870967741935484
"filt3E_9L",12,0.935483870967742
"filt6E_9L",1,0.870967741935484
"filt6E_9L",2,0.967741935483871
"filt6E_9L",3,0.741935483870968
"filt6E_9L",4,0.870967741935484
"filt6E_9L",5,0.870967741935484
"filt6E_9L",6,0.838709677419355
"filt6E_9L",7,0.709677419354839
"filt6E_9L",8,0.870967741935484
"filt6E_9L",9,0.806451612903226
"filt6E_9L",10,0.709677419354839
"filt6E_9L",11,0.935483870967742
"filt6E_9L",12,0.67741935483871
"filt9E_9L",1,0.774193548387097
"filt9E_9L",2,0.838709677419355
"filt9E_9L",3,0.903225806451613
"filt9E_9L",4,0.903225806451613
"filt9E_9L",5,0.838709677419355
"filt9E_9L",6,0.806451612903226
"filt9E_9L",7,0.935483870967742
"filt9E_9L",8,0.741935483870968
"filt9E_9L",9,0.903225806451613
"filt9E_9L",10,0.870967741935484
"filt9E_9L",11,0.903225806451613
"filt9E_9L",12,0.870967741935484
"2_x8_39_4x4",1,0.7
"2_x8_39_4x4",2,0.466666666666667
"2_x8_39_4x4",3,0.466666666666667
"2_x8_39_4x4",4,0.266666666666667
"2_x8_39_4x4",5,0.333333333333333
"2_x8_39_4x4",6,0.366666666666667
"2_x8_39_4x4",7,0.566666666666667
"2_x8_39_4x4",8,0.733333333333333
"2_x8_39_4x4",9,0.366666666666667
"2_x8_39_4x4",10,0.5
"2_x8_39_4x4",11,0.4
"2_x8_39_4x4",12,0.166666666666667
"2_x8_39_4x4",13,0.3
"2_x8_39_4x4",14,0.366666666666667
"2_x8_39_4x4",15,0.6
"2_x8_39_4x4",16,0.4
"2_x8_39_4x4",17,0.233333333333333
"2_x8_39_4x4",18,0.166666666666667
"3_x8_369_4x4",1,0.418918918918919
"3_x8_369_4x4",2,0.391891891891892
"3_x8_369_4x4",3,0.310810810810811
"3_x8_369_4x4",4,0.310810810810811
"3_x8_369_4x4",5,0.364864864864865
"3_x8_369_4x4",6,0.310810810810811
"3_x8_369_4x4",7,0.432432432432432
"3_x8_369_4x4",8,0.378378378378378
"3_x8_369_4x4",9,0.27027027027027
"3_x8_369_4x4",10,0.243243243243243
"3_x8_369_4x4",11,0.337837837837838
"3_x8_369_4x4",12,0.22972972972973
"3_x8_369_4x4",13,0.378378378378378
"3_x8_369_4x4",14,0.337837837837838
"3_x8_369_4x4",15,0.27027027027027
"3_x8_369_4x4",16,0.378378378378378
"3_x8_369_4x4",17,0.310810810810811
"3_x8_369_4x4",18,0.283783783783784
"freq369-3x3loCD",1,0.290080738177624
"freq369-3x3loCD",2,0.261245674740484
"freq369-3x3loCD",3,0.240484429065744
"freq369-3x3loCD",4,0.259515570934256
"freq369-3x3loCD",5,0.270472895040369
"freq369-3x3loCD",6,0.219146482122261
"freq369-3x3loCD",7,0.271049596309112
"freq369-3x3loCD",8,0.385236447520185
"freq369-3x3loCD",9,0.2520184544406
"freq369-3x3loCD",10,0.310841983852365
"freq369-3x3loCD",11,0.36562860438293
"freq369-3x3loCD",12,0.301038062283737
"freq369-3x3loCD",13,0.44636678200692
"freq369-3x3loCD",14,0.426758938869666
"freq369-3x3loCD",15,0.370242214532872
"freq369-3x3loCD",16,0.445213379469435
"freq369-3x3loCD",17,0.425028835063437
"freq369-3x3loCD",18,0.395617070357555
"freq369-3x3hiCD",1,0.682692307692308
"freq369-3x3hiCD",2,0.413461538461538
"freq369-3x3hiCD",3,0.480769230769231
"freq369-3x3hiCD",4,0.442307692307692
"freq369-3x3hiCD",5,0.442307692307692
"freq369-3x3hiCD",6,0.346153846153846
"freq369-3x3hiCD",7,0.721153846153846
"freq369-3x3hiCD",8,0.509615384615385
"freq369-3x3hiCD",9,0.730769230769231
"freq369-3x3hiCD",10,0.442307692307692
"freq369-3x3hiCD",11,0.644230769230769
"freq369-3x3hiCD",12,0.625
"freq369-3x3hiCD",13,0.663461538461538
"freq369-3x3hiCD",14,0.509615384615385
"freq369-3x3hiCD",15,0.663461538461538
"freq369-3x3hiCD",16,0.480769230769231
"freq369-3x3hiCD",17,0.576923076923077
"freq369-3x3hiCD",18,0.615384615384615
"freq369_36mx",1,0.363636363636364
"freq369_36mx",2,0.333333333333333
"freq369_36mx",3,0.393939393939394
"freq369_36mx",4,0.242424242424242
"freq369_36mx",5,0.333333333333333
"freq369_36mx",6,0.196969696969697
"freq369_36mx",7,0.5
"freq369_36mx",8,0.590909090909091
"freq369_36mx",9,0.378787878787879
"freq369_36mx",10,0.393939393939394
"freq369_36mx",11,0.378787878787879
"freq369_36mx",12,0.378787878787879
"freq369_36mx",13,0.575757575757576
"freq369_36mx",14,0.651515151515151
"freq369_36mx",15,0.772727272727273
"freq369_36mx",16,0.378787878787879
"freq369_36mx",17,0.696969696969697
"freq369_36mx",18,0.606060606060606
"freq369_39mx",1,0.75
"freq369_39mx",2,0.5
"freq369_39mx",3,0.55
"freq369_39mx",4,0.5
"freq369_39mx",5,0.5
"freq369_39mx",6,0.625
"freq369_39mx",7,0.85
"freq369_39mx",8,0.55
"freq369_39mx",9,0.325
"freq369_39mx",10,0.475
"freq369_39mx",11,0.65
"freq369_39mx",12,0.525
"freq369_39mx",13,0.7
"freq369_39mx",14,0.875
"freq369_39mx",15,0.675
"freq369_39mx",16,0.8
"freq369_39mx",17,0.65
"freq369_39mx",18,0.7
"orig_4x4",1,0.382867132867133
"orig_4x4",2,0.416083916083916
"orig_4x4",3,0.262237762237762
"orig_4x4",4,0.355769230769231
"orig_4x4",5,0.23951048951049
"orig_4x4",6,0.20541958041958
"orig_4x4",7,0.251748251748252
"orig_4x4",8,0.36013986013986
"orig_4x4",9,0.175699300699301
"orig_4x4",10,0.292832167832168
"orig_4x4",11,0.287587412587413
"orig_4x4",12,0.231643356643357
"orig_4x4",13,0.213286713286713
"orig_4x4",14,0.258741258741259
"orig_4x4",15,0.164335664335664
"orig_4x4",16,0.269230769230769
"orig_4x4",17,0.183566433566434
"orig_4x4",18,0.232517482517482
"orig_3x3",1,0.555555555555556
"orig_3x3",2,0.472222222222222
"orig_3x3",3,0.416666666666667
"orig_3x3",4,0.5
"orig_3x3",5,0.472222222222222
"orig_3x3",6,0.305555555555556
"orig_3x3",7,0.305555555555556
"orig_3x3",8,0.444444444444444
"orig_3x3",9,0.333333333333333
"orig_3x3",10,0.277777777777778
"orig_3x3",11,0.5
"orig_3x3",12,0.472222222222222
"orig_3x3",13,0.416666666666667
"orig_3x3",14,0.472222222222222
"orig_3x3",15,0.5
"orig_3x3",16,0.472222222222222
"orig_3x3",17,0.361111111111111
"orig_3x3",18,0.388888888888889
"cont_div6-12",1,0.403225806451613
"cont_div6-12",2,0.419354838709677
"cont_div6-12",3,0.306451612903226
"cont_div6-12",4,0.32258064516129
"cont_div6-12",5,0.338709677419355
"cont_div6-12",6,0.258064516129032
"cont_div6-12",7,0.548387096774194
"cont_div6-12",8,0.645161290322581
"cont_div6-12",9,0.483870967741935
"cont_div6-12",10,0.532258064516129
"cont_div6-12",11,0.354838709677419
"cont_div6-12",12,0.387096774193548
"cont_div6-12",13,0.419354838709677
"cont_div6-12",14,0.516129032258065
"cont_div6-12",15,0.612903225806452
"cont_div6-12",16,0.370967741935484
"cont_div6-12",17,0.564516129032258
"cont_div6-12",18,0.338709677419355
"1_max_temp_spat_cont_orig",1,0.6
"1_max_temp_spat_cont_orig",2,0.366666666666667
"1_max_temp_spat_cont_orig",3,0.533333333333333
"1_max_temp_spat_cont_orig",4,0.533333333333333
"1_max_temp_spat_cont_orig",5,0.466666666666667
"1_max_temp_spat_cont_orig",6,0.466666666666667
"1_max_temp_spat_cont_orig",7,0.5
"1_max_temp_spat_cont_orig",8,0.666666666666667
"1_max_temp_spat_cont_orig",9,0.433333333333333
"1_max_temp_spat_cont_orig",10,0.433333333333333
"1_max_temp_spat_cont_orig",11,0.633333333333333
"1_max_temp_spat_cont_orig",12,0.5
"1_max_temp_spat_cont_orig",13,0.5
"1_max_temp_spat_cont_orig",14,0.4
"1_max_temp_spat_cont_orig",15,0.433333333333333
"1_max_temp_spat_cont_orig",16,0.466666666666667
"1_max_temp_spat_cont_orig",17,0.466666666666667
"1_max_temp_spat_cont_orig",18,0.4
"4_no_spat_orig_max_tc",1,0.40625
"4_no_spat_orig_max_tc",2,0.375
"4_no_spat_orig_max_tc",3,0.5
"4_no_spat_orig_max_tc",4,0.34375
"4_no_spat_orig_max_tc",5,0.4375
"4_no_spat_orig_max_tc",6,0.4375
"4_no_spat_orig_max_tc",7,0.59375
"4_no_spat_orig_max_tc",8,0.4375
"4_no_spat_orig_max_tc",9,0.4375
"4_no_spat_orig_max_tc",10,0.375
"4_no_spat_orig_max_tc",11,0.375
"4_no_spat_orig_max_tc",12,0.4375
"4_no_spat_orig_max_tc",13,0.3125
"4_no_spat_orig_max_tc",14,0.28125
"4_no_spat_orig_max_tc",15,0.46875
"4_no_spat_orig_max_tc",16,0.28125
"4_no_spat_orig_max_tc",17,0.1875
"4_no_spat_orig_max_tc",18,0.59375
"Suanda2014-lowCD",1,0.34
"Suanda2014-lowCD",2,0.34
"Suanda2014-lowCD",3,0.34
"Suanda2014-lowCD",4,0.34
"Suanda2014-lowCD",5,0.34
"Suanda2014-lowCD",6,0.34
"Suanda2014-lowCD",7,0.34
"Suanda2014-lowCD",8,0.34
"Suanda2014-medCD",1,0.39
"Suanda2014-medCD",2,0.39
"Suanda2014-medCD",3,0.39
"Suanda2014-medCD",4,0.39
"Suanda2014-medCD",5,0.39
"Suanda2014-medCD",6,0.39
"Suanda2014-medCD",7,0.39
"Suanda2014-medCD",8,0.39
"Suanda2014-hiCD",1,0.48
"Suanda2014-hiCD",2,0.48
"Suanda2014-hiCD",3,0.48
"Suanda2014-hiCD",4,0.48
"Suanda2014-hiCD",5,0.48
"Suanda2014-hiCD",6,0.48
"Suanda2014-hiCD",7,0.48
"Suanda2014-hiCD",8,0.48
"Koehne2013-aaappp",1,0.1795
"Koehne2013-aaappp",2,0.1795
"Koehne2013-aaappp",3,0.1795
"Koehne2013-aaappp",4,0.1795
"Koehne2013-aaappp",5,0.1795
"Koehne2013-aaappp",6,0.1795
"Koehne2013-aaappp",7,0.1795
"Koehne2013-aaappp",8,0.1795
"Koehne2013-apapap",1,0.2305
"Koehne2013-apapap",2,0.2305
"Koehne2013-apapap",3,0.2305
"Koehne2013-apapap",4,0.2305
"Koehne2013-apapap",5,0.2305
"Koehne2013-apapap",6,0.2305
"Koehne2013-apapap",7,0.2305
"Koehne2013-apapap",8,0.2305
"Koehne2013-papapa",1,0.2305
"Koehne2013-papapa",2,0.2305
"Koehne2013-papapa",3,0.2305
"Koehne2013-papapa",4,0.2305
"Koehne2013-papapa",5,0.2305
"Koehne2013-papapa",6,0.2305
"Koehne2013-papapa",7,0.2305
"Koehne2013-papapa",8,0.2305
"Koehne2013-pppaaa",1,0.3215
"Koehne2013-pppaaa",2,0.3215
"Koehne2013-pppaaa",3,0.3215
"Koehne2013-pppaaa",4,0.3215
"Koehne2013-pppaaa",5,0.3215
"Koehne2013-pppaaa",6,0.3215
"Koehne2013-pppaaa",7,0.3215
"Koehne2013-pppaaa",8,0.3215
