"label","condition","n_subj","n_trials","voc_sz","ref_sz","metadata_match","description","experiment_name","dataset_name","citation","age_years","link","item_group","adult_data","sd_accuracy"
"201","3x4",25,36,18,18,"none",NA,NA,NA,NA,NA,NA,NA,NA,NA
"202","3x4 1/.5",25,36,18,18,"none",NA,NA,NA,NA,NA,NA,NA,NA,NA
"203","3x4 1/.66",25,36,18,18,"none",NA,NA,NA,NA,NA,NA,NA,NA,NA
"204","3x4 +6o",20,36,18,24,"none",NA,NA,NA,NA,NA,NA,NA,NA,NA
"205","2x4",33,54,18,18,"none",NA,NA,NA,NA,NA,NA,NA,NA,NA
"206","3x3 +1w/o",39,54,18,18,"none",NA,NA,NA,NA,NA,NA,NA,NA,NA
"207","4x4 +2w/o",39,54,18,18,"none",NA,NA,NA,NA,NA,NA,NA,NA,NA
"211","1x3 6/18 4AFC",43,108,18,18,"exact","1 word and 3 objects per training trial. In total, words appear 6 times and objects 18 times. Test is 4AFC.","Asymmetric","asymmetric_conditions","Kachergis, G. & Yu, C. (2013). More naturalistic cross-situational word learning. Proceedings of the 35th Annual Conference of the Cognitive Science Society.","","https://escholarship.org/uc/item/8fz765gs",NA,TRUE,NA
"212","2x3 6/9 4AFC",38,54,18,18,"exact","2 words and 3 objects per training trial. In total, words appear 6 times, and objects 9 time. Test is 4AFC.","Asymmetric","asymmetric_conditions","Kachergis, G. & Yu, C. (2013). More naturalistic cross-situational word learning. Proceedings of the 35th Annual Conference of the Cognitive Science Society.","","https://escholarship.org/uc/item/8fz765gs",NA,TRUE,NA
"213","2x4 6/12 4AFC",31,54,18,18,"exact","2 words and 4 objects per training trial. In total, words appear 6 times, objects 12 times. Test is 4AFC.","Asymmetric","asymmetric_conditions","Kachergis, G. & Yu, C. (2013). More naturalistic cross-situational word learning. Proceedings of the 35th Annual Conference of the Cognitive Science Society.","","https://escholarship.org/uc/item/8fz765gs",NA,TRUE,NA
"214","3x4 6/8 4AFC",36,36,18,18,"exact","3 words and 4 objects per trial. Words appear 6 times total, objects 8 times. Test is 4AFC.","Asymmetric","asymmetric_conditions","Kachergis, G. & Yu, C. (2013). More naturalistic cross-situational word learning. Proceedings of the 35th Annual Conference of the Cognitive Science Society.","","https://escholarship.org/uc/item/8fz765gs",NA,TRUE,NA
"215","1x3",23,108,18,18,"none",NA,NA,NA,NA,NA,NA,NA,NA,NA
"216","2x3",23,54,18,18,"none",NA,NA,NA,NA,NA,NA,NA,NA,NA
"217","2x4 6/12",14,54,18,18,"exact","2 words and 4 objects per training trial. In total, words appear 6 times, objects 12 times. Test is 18AFC.","Asymmetric","asymmetric_conditions","Kachergis, G. & Yu, C. (2013). More naturalistic cross-situational word learning. Proceedings of the 35th Annual Conference of the Cognitive Science Society.","","https://escholarship.org/uc/item/8fz765gs",NA,TRUE,NA
"218","3x4 6/8",13,36,18,18,"exact","3 words and 4 objects per trial. Words appear 6 times total, objects 8 times. Test is 18AFC.","Asymmetric","asymmetric_conditions","Kachergis, G. & Yu, C. (2013). More naturalistic cross-situational word learning. Proceedings of the 35th Annual Conference of the Cognitive Science Society.","","https://escholarship.org/uc/item/8fz765gs",NA,TRUE,NA
"219","2x3 6/9",32,54,18,18,"exact","2 words and 3 objects per training trial. In total, words appear 6 times, and objects 9 time. Test is 18AFC.","Asymmetric","asymmetric_conditions","Kachergis, G. & Yu, C. (2013). More naturalistic cross-situational word learning. Proceedings of the 35th Annual Conference of the Cognitive Science Society.","","https://escholarship.org/uc/item/8fz765gs",NA,TRUE,NA
"220","3x4 9/12",33,54,18,18,"exact","3 words and 4 objects per training trial. Words appear 9 times total, objects 12 times. Test is 18AFC.","Asymmetric","asymmetric_conditions","Kachergis, G. & Yu, C. (2013). More naturalistic cross-situational word learning. Proceedings of the 35th Annual Conference of the Cognitive Science Society.","","https://escholarship.org/uc/item/8fz765gs",NA,TRUE,NA
"221","1x4",40,108,18,18,"none",NA,NA,NA,NA,NA,NA,NA,NA,NA
"222","1x3",40,108,18,18,"none",NA,NA,NA,NA,NA,NA,NA,NA,NA
"223","4x4",77,27,18,18,"none",NA,NA,NA,NA,NA,NA,NA,NA,NA
"224","3x3",36,36,18,18,"none",NA,NA,NA,NA,NA,NA,NA,NA,NA
"225","2x2",19,54,18,18,"none",NA,NA,NA,NA,NA,NA,NA,NA,NA
"301","2x2 5x 24AFC",46,60,24,24,"alias","","Symmetric","asymmetric_conditions","Kachergis, G. & Yu, C. (2013). More naturalistic cross-situational word learning. Proceedings of the 35th Annual Conference of the Cognitive Science Society.","","https://escholarship.org/uc/item/8fz765gs",NA,TRUE,NA
"filt0E_3L","filt0E_3L",31,18,12,12,"exact","12 word-object pairs presented 2 at a time. Each of 6 pairs co-occurs 3 times with a particular pair (so mapping is ambiguous).","Filtering","","Kachergis, G., Yu, C., & Shiffrin, R. M. (2012). An associative model of adaptive inference for learning word–referent mappings. Psychonomic Bulletin & Review, 19(2), 317–324. https://doi.org/10.3758/s13423-011-0194-6","","https://link.springer.com/article/10.3758/s13423-011-0194-6",NA,TRUE,NA
"filt3E_3L","filt3E_3L",30,27,12,12,"exact","12 word-object pairs presented 2 at a time. The 6 early-stage pairs appear 3 times, and each late-stage pair co-occurs 3 times with a particular early-stage pair.","Filtering","","Kachergis, G., Yu, C., & Shiffrin, R. M. (2012). An associative model of adaptive inference for learning word–referent mappings. Psychonomic Bulletin & Review, 19(2), 317–324. https://doi.org/10.3758/s13423-011-0194-6","","https://link.springer.com/article/10.3758/s13423-011-0194-6",NA,TRUE,NA
"filt6E_3L","filt6E_3L",30,36,12,12,"exact","12 word-object pairs presented 2 at a time. The 6 early-stage pairs appear 6 times, and each late-stage pair co-occurs 3 times with a particular early-stage pair.","Filtering","","Kachergis, G., Yu, C., & Shiffrin, R. M. (2012). An associative model of adaptive inference for learning word–referent mappings. Psychonomic Bulletin & Review, 19(2), 317–324. https://doi.org/10.3758/s13423-011-0194-6","","https://link.springer.com/article/10.3758/s13423-011-0194-6",NA,TRUE,NA
"filt9E_3L","filt9E_3L",31,45,12,12,"exact","12 word-object pairs presented 2 at a time. The 6 early-stage pairs appear 9 times, and each late-stage pair co-occurs 3 times with a particular early-stage pair.","Filtering","","Kachergis, G., Yu, C., & Shiffrin, R. M. (2012). An associative model of adaptive inference for learning word–referent mappings. Psychonomic Bulletin & Review, 19(2), 317–324. https://doi.org/10.3758/s13423-011-0194-6","","https://link.springer.com/article/10.3758/s13423-011-0194-6",NA,TRUE,NA
"filt0E_6L","filt0E_6L",27,36,12,12,"exact","12 word-object pairs presented 2 at a time. Each of 6 pairs co-occurs 6 times with a particular pair (so mapping is ambiguous).","Filtering","","Kachergis, G., Yu, C., & Shiffrin, R. M. (2012). An associative model of adaptive inference for learning word–referent mappings. Psychonomic Bulletin & Review, 19(2), 317–324. https://doi.org/10.3758/s13423-011-0194-6","","https://link.springer.com/article/10.3758/s13423-011-0194-6",NA,TRUE,NA
"filt3E_6L","filt3E_6L",27,45,12,12,"exact","12 word-object pairs presented 2 at a time. The 6 early-stage pairs appear 3 times, and each late-stage pair co-occurs 6 times with a particular early-stage pair.","Filtering","","Kachergis, G., Yu, C., & Shiffrin, R. M. (2012). An associative model of adaptive inference for learning word–referent mappings. Psychonomic Bulletin & Review, 19(2), 317–324. https://doi.org/10.3758/s13423-011-0194-6","","https://link.springer.com/article/10.3758/s13423-011-0194-6",NA,TRUE,NA
"filt6E_6L","filt6E_6L",27,54,12,12,"exact","12 word-object pairs presented 2 at a time. The 6 early-stage pairs appear 6 times, and each late-stage pair co-occurs 6 times with a particular early-stage pair.","Filtering","","Kachergis, G., Yu, C., & Shiffrin, R. M. (2012). An associative model of adaptive inference for learning word–referent mappings. Psychonomic Bulletin & Review, 19(2), 317–324. https://doi.org/10.3758/s13423-011-0194-6","","https://link.springer.com/article/10.3758/s13423-011-0194-6",NA,TRUE,NA
"filt9E_6L","filt9E_6L",27,63,12,12,"exact","12 word-object pairs presented 2 at a time. The 6 early-stage pairs appear 9 times, and each late-stage pair co-occurs 6 times with a particular early-stage pair.","Filtering","","Kachergis, G., Yu, C., & Shiffrin, R. M. (2012). An associative model of adaptive inference for learning word–referent mappings. Psychonomic Bulletin & Review, 19(2), 317–324. https://doi.org/10.3758/s13423-011-0194-6","","https://link.springer.com/article/10.3758/s13423-011-0194-6",NA,TRUE,NA
"filt0E_9L","filt0E_9L",31,54,12,12,"exact","12 word-object pairs presented 2 at a time. Each of 6 pairs co-occurs 9 times with a particular pair (so mapping is ambiguous).","Filtering","","Kachergis, G., Yu, C., & Shiffrin, R. M. (2012). An associative model of adaptive inference for learning word–referent mappings. Psychonomic Bulletin & Review, 19(2), 317–324. https://doi.org/10.3758/s13423-011-0194-6","","https://link.springer.com/article/10.3758/s13423-011-0194-6",NA,TRUE,NA
"filt3E_9L","filt3E_9L",31,63,12,12,"exact","12 word-object pairs presented 2 at a time. The 6 early-stage pairs appear 3 times, and each late-stage pair co-occurs 9 times with a particular early-stage pair.","Filtering","","Kachergis, G., Yu, C., & Shiffrin, R. M. (2012). An associative model of adaptive inference for learning word–referent mappings. Psychonomic Bulletin & Review, 19(2), 317–324. https://doi.org/10.3758/s13423-011-0194-6","","https://link.springer.com/article/10.3758/s13423-011-0194-6",NA,TRUE,NA
"filt6E_9L","filt6E_9L",31,72,12,12,"exact","12 word-object pairs presented 2 at a time. The 6 early-stage pairs appear 6 times, and each late-stage pair co-occurs 9 times with a particular early-stage pair.","Filtering","","Kachergis, G., Yu, C., & Shiffrin, R. M. (2012). An associative model of adaptive inference for learning word–referent mappings. Psychonomic Bulletin & Review, 19(2), 317–324. https://doi.org/10.3758/s13423-011-0194-6","","https://link.springer.com/article/10.3758/s13423-011-0194-6",NA,TRUE,NA
"filt9E_9L","filt9E_9L",31,81,12,12,"exact","12 word-object pairs presented 2 at a time. The 6 early-stage pairs appear 9 times, and each late-stage pair co-occurs 9 times with a particular early-stage pair.","Filtering","","Kachergis, G., Yu, C., & Shiffrin, R. M. (2012). An associative model of adaptive inference for learning word–referent mappings. Psychonomic Bulletin & Review, 19(2), 317–324. https://doi.org/10.3758/s13423-011-0194-6","","https://link.springer.com/article/10.3758/s13423-011-0194-6",NA,TRUE,NA
"2_x8_39_4x4","2_x8_39_4x4",30,27,18,18,"exact","4 words and 4 objects per training trial. 9 pairs appear 3 times (low frequency); 9 pairs appear 9 times.","Frequency & Context Diversity","frequency_contextual_diversity","Kachergis G, Yu C, Shiffrin RM. (2017). A Bootstrapping Model of Frequency and Context Effects in Word Learning. Cognitive Science, 41(3):590-622. doi: 10.1111/cogs.12353.","","https://pubmed.ncbi.nlm.nih.gov/26988198/",NA,TRUE,NA
"3_x8_369_4x4","3_x8_369_4x4",74,27,18,18,"exact","4 words and 4 objects per training trial. 6 pairs appear each of 3, 6, or 9 times (low-, medium-, or high-frequency)","Frequency & Context Diversity","frequency_contextual_diversity","Kachergis G, Yu C, Shiffrin RM. (2017). A Bootstrapping Model of Frequency and Context Effects in Word Learning. Cognitive Science, 41(3):590-622. doi: 10.1111/cogs.12353.","","https://pubmed.ncbi.nlm.nih.gov/26988198/",NA,TRUE,NA
"freq369-3x3loCD","freq369-3x3loCD",102,36,18,18,"exact","3 words and 3 objects per training trial. 3 groups of 6 items, appearing 3, 6 or 9 times. Pairs only co-occur with items of the same frequency (i.e. low contextual diversity).","Frequency & Context Diversity","frequency_contextual_diversity","Kachergis G, Yu C, Shiffrin RM. (2017). A Bootstrapping Model of Frequency and Context Effects in Word Learning. Cognitive Science, 41(3):590-622. doi: 10.1111/cogs.12353.","","https://pubmed.ncbi.nlm.nih.gov/26988198/",NA,TRUE,NA
"freq369-3x3hiCD","freq369-3x3hiCD",26,36,18,18,"exact","3 words and 3 objects per training trial. 3 groups of 6 items, appearing 3, 6 or 9 times. All 18 to-be-learned pairs co-occur randomly (i.e. high contextual diversity).","Frequency & Context Diversity","frequency_contextual_diversity","Kachergis G, Yu C, Shiffrin RM. (2017). A Bootstrapping Model of Frequency and Context Effects in Word Learning. Cognitive Science, 41(3):590-622. doi: 10.1111/cogs.12353.","","https://pubmed.ncbi.nlm.nih.gov/26988198/",NA,TRUE,NA
"freq369_36mx","freq369_36mx",62,36,18,18,"exact","3 words and 3 objects per training trial. 6 pairs appear 3, 6, or 9 times; 3- and 6-frequency pairs are mixed (high contextual diversity), while 9-frequency pairs are low contextual diversity.","Frequency & Context Diversity","frequency_contextual_diversity","Kachergis G, Yu C, Shiffrin RM. (2017). A Bootstrapping Model of Frequency and Context Effects in Word Learning. Cognitive Science, 41(3):590-622. doi: 10.1111/cogs.12353.","","https://pubmed.ncbi.nlm.nih.gov/26988198/",NA,TRUE,NA
"freq369_39mx","freq369_39mx",66,36,18,18,"exact","3 words and 3 objects per training trial. 6 pairs appear 3, 6, or 9 times; 3- and 9-frequency pairs are mixed (high contextual diversity), while 6-frequency pairs are low contextual diversity.","Frequency & Context Diversity","frequency_contextual_diversity","Kachergis G, Yu C, Shiffrin RM. (2017). A Bootstrapping Model of Frequency and Context Effects in Word Learning. Cognitive Science, 41(3):590-622. doi: 10.1111/cogs.12353.","","https://pubmed.ncbi.nlm.nih.gov/26988198/",NA,TRUE,NA
"orig_4x4","orig_4x4",88,27,18,18,"alias","","Symmetric","asymmetric_conditions","Kachergis, G. & Yu, C. (2013). More naturalistic cross-situational word learning. Proceedings of the 35th Annual Conference of the Cognitive Science Society.","","https://escholarship.org/uc/item/8fz765gs",NA,TRUE,NA
"orig_3x3","orig_3x3",104,36,18,18,"exact","","Symmetric","asymmetric_conditions","Kachergis, G. & Yu, C. (2013). More naturalistic cross-situational word learning. Proceedings of the 35th Annual Conference of the Cognitive Science Society.","","https://escholarship.org/uc/item/8fz765gs",NA,TRUE,NA
"cont_div6-12","cont_div6-12",40,36,18,18,"exact","3 words and 3 objects per training trial. 12 pairs appear only with each other (high contextual diversity; CD), and the other 6 pairs appear only with other (low CD).","Frequency & Context Diversity","frequency_contextual_diversity","Kachergis G, Yu C, Shiffrin RM. (2017). A Bootstrapping Model of Frequency and Context Effects in Word Learning. Cognitive Science, 41(3):590-622. doi: 10.1111/cogs.12353.","","https://pubmed.ncbi.nlm.nih.gov/26988198/",NA,TRUE,NA
"1_max_temp_spat_cont_orig","temporal+spatial contiguity",30,27,18,18,"exact","","Temporal Contiguity","temporal_contiguity","Kachergis, G., Yu, C., & Shiffrin, R. M. (2009). Temporal contiguity in cross-situational statistical learning. Proceedings of the 31st Annual Meeting of the Cognitive Science Society.","","https://escholarship.org/content/qt46d730t1/qt46d730t1.pdf",NA,TRUE,NA
"4_no_spat_orig_max_tc","temporal contiguity only",32,27,18,18,"exact","","Temporal Contiguity","temporal_contiguity","Kachergis, G., Yu, C., & Shiffrin, R. M. (2009). Temporal contiguity in cross-situational statistical learning. Proceedings of the 31st Annual Meeting of the Cognitive Science Society.","","https://escholarship.org/content/qt46d730t1/qt46d730t1.pdf",NA,TRUE,NA
"Suanda2014-lowCD","2x2 low CD",84,16,8,8,"exact","2 words and 2 objects per training trial, 8 low contextual diversity pairs","Suanda2014","Suanda2014","Suanda, S. H., Mugwanya, N., & Namy, L. L. (2014). Cross-situational statistical word learning in young children. Journal of Experimental Child Psychology, 126, 395–411. https://doi.org/10.1016/j.jecp.2014.06.003","5-7","https://www.ncbi.nlm.nih.gov/pmc/articles/PMC4116143/",NA,FALSE,0.18
"Suanda2014-medCD","2x2 med CD",84,16,8,8,"exact","2 words and 2 objects per training trial, 8 medium contextual diversity pairs","Suanda2014","Suanda2014","Suanda, S. H., Mugwanya, N., & Namy, L. L. (2014). Cross-situational statistical word learning in young children. Journal of Experimental Child Psychology, 126, 395–411. https://doi.org/10.1016/j.jecp.2014.06.003","5-7","https://www.ncbi.nlm.nih.gov/pmc/articles/PMC4116143/",NA,FALSE,0.2
"Suanda2014-hiCD","2x2 high CD",84,16,8,8,"exact","2 words and 2 objects per training trial, 8 high contextual diversity pairs","Suanda2014","Suanda2014","Suanda, S. H., Mugwanya, N., & Namy, L. L. (2014). Cross-situational statistical word learning in young children. Journal of Experimental Child Psychology, 126, 395–411. https://doi.org/10.1016/j.jecp.2014.06.003","5-7","https://www.ncbi.nlm.nih.gov/pmc/articles/PMC4116143/",NA,FALSE,0.21
"Koehne2013-aaappp","AAAPPP (blocked, A-first)",64,48,8,17,"alias","2 train/test blocks, 8 words each; 1 word and 4 objects per trial; 6 repetitions per word; 2 meanings per word: 1 present whenever the there; one in only half the case; other objects appeared only once with any other word (17%). Manipulated the order in which trials including and excluding the 50% referent were presented within four levels (within participants): Firstly, the 50%-present (P) and 50%-absent (A) trials could be either blocked (AAAPPP and PPPAAA) or not blocked (APAPAP and PAPAPA); secondly, the first encounter of a noun could be either an A trial (AAAPPP and APAPAP) or a P trial (PPPAAA and PAPAPA)","","Koehne_etal2013","Koehne, J., Trueswell, J. C, & Gleitman, L. R. (2013). Multiple Proposal Memory in Observational Word Learning. Proceedings of the Annual Meeting of the Cognitive Science Society, 35.","","https://escholarship.org/uc/item/5gp8j5qs",NA,TRUE,NA
"Koehne2013-apapap","APAPAP (unblocked, A-first)",64,48,8,17,"alias","2 train/test blocks, 8 words each; 1 word and 4 objects per trial; 6 repetitions per word; 2 meanings per word: 1 present whenever the there; one in only half the case; other objects appeared only once with any other word (17%). Manipulated the order in which trials including and excluding the 50% referent were presented within four levels (within participants): Firstly, the 50%-present (P) and 50%-absent (A) trials could be either blocked (AAAPPP and PPPAAA) or not blocked (APAPAP and PAPAPA); secondly, the first encounter of a noun could be either an A trial (AAAPPP and APAPAP) or a P trial (PPPAAA and PAPAPA)","","Koehne_etal2014","Koehne, J., Trueswell, J. C, & Gleitman, L. R. (2013). Multiple Proposal Memory in Observational Word Learning. Proceedings of the Annual Meeting of the Cognitive Science Society, 35.","","https://escholarship.org/uc/item/5gp8j5qs",NA,TRUE,NA
"Koehne2013-papapa","PAPAPA (unblocked, P-first)",64,48,8,17,"alias","2 train/test blocks, 8 words each; 1 word and 4 objects per trial; 6 repetitions per word; 2 meanings per word: 1 present whenever the there; one in only half the case; other objects appeared only once with any other word (17%). Manipulated the order in which trials including and excluding the 50% referent were presented within four levels (within participants): Firstly, the 50%-present (P) and 50%-absent (A) trials could be either blocked (AAAPPP and PPPAAA) or not blocked (APAPAP and PAPAPA); secondly, the first encounter of a noun could be either an A trial (AAAPPP and APAPAP) or a P trial (PPPAAA and PAPAPA)","","Koehne_etal2015","Koehne, J., Trueswell, J. C, & Gleitman, L. R. (2013). Multiple Proposal Memory in Observational Word Learning. Proceedings of the Annual Meeting of the Cognitive Science Society, 35.","","https://escholarship.org/uc/item/5gp8j5qs",NA,TRUE,NA
"Koehne2013-pppaaa","PPPAAA (blocked, P-first)",64,48,8,17,"alias","2 train/test blocks, 8 words each; 1 word and 4 objects per trial; 6 repetitions per word; 2 meanings per word: 1 present whenever the there; one in only half the case; other objects appeared only once with any other word (17%). Manipulated the order in which trials including and excluding the 50% referent were presented within four levels (within participants): Firstly, the 50%-present (P) and 50%-absent (A) trials could be either blocked (AAAPPP and PPPAAA) or not blocked (APAPAP and PAPAPA); secondly, the first encounter of a noun could be either an A trial (AAAPPP and APAPAP) or a P trial (PPPAAA and PAPAPA)","","Koehne_etal2016","Koehne, J., Trueswell, J. C, & Gleitman, L. R. (2013). Multiple Proposal Memory in Observational Word Learning. Proceedings of the Annual Meeting of the Cognitive Science Society, 35.","","https://escholarship.org/uc/item/5gp8j5qs",NA,TRUE,NA
