"label","trial","words","objects"
"201",1,"5,12,1","5,12,1,8"
"201",2,"15,8,14","8,15,14,6"
"201",3,"16,2,11","2,16,11,7"
"201",4,"1,10,3","3,10,1,2"
"201",5,"4,6,9","9,6,4,3"
"201",6,"17,18,7","7,17,18,4"
"201",7,"13,10,12","12,10,13,9"
"201",8,"2,4,17","4,17,2,5"
"201",9,"9,5,6","5,9,6,10"
"201",10,"3,15,18","15,3,18,1"
"201",11,"11,13,1","13,11,1,4"
"201",12,"12,7,8","7,12,8,15"
"201",13,"4,14,16","16,4,14,13"
"201",14,"18,2,3","3,2,18,12"
"201",15,"8,9,5","5,9,8,14"
"201",16,"7,12,11","12,11,7,17"
"201",17,"6,10,13","6,10,13,5"
"201",18,"14,4,17","4,17,14,11"
"201",19,"16,5,15","15,16,5,6"
"201",20,"3,1,8","8,1,3,18"
"201",21,"10,6,7","10,6,7,12"
"201",22,"18,14,9","18,14,9,16"
"201",23,"15,17,13","17,13,15,14"
"201",24,"8,4,2","4,8,2,13"
"201",25,"14,16,11","11,16,14,2"
"201",26,"12,15,5","15,12,5,1"
"201",27,"7,13,18","7,18,13,11"
"201",28,"11,17,9","17,11,9,15"
"201",29,"6,11,18","6,18,11,16"
"201",30,"2,10,4","4,10,2,3"
"201",31,"16,9,1","16,9,1,18"
"201",32,"12,3,5","12,3,5,17"
"201",33,"13,8,7","7,8,13,10"
"201",34,"15,2,17","2,15,17,7"
"201",35,"16,6,3","3,6,16,8"
"201",36,"1,14,10","10,14,1,9"
"202",1,"5,12,1","5,12,1,18"
"202",2,"15,8,14","8,15,14,17"
"202",3,"16,2,11","2,16,11,15"
"202",4,"1,10,3","3,10,1,16"
"202",5,"4,6,9","9,6,4,14"
"202",6,"17,18,7","7,17,18,16"
"202",7,"13,10,12","12,10,13,18"
"202",8,"2,4,17","4,17,2,13"
"202",9,"9,5,6","5,9,6,17"
"202",10,"3,15,18","15,3,18,14"
"202",11,"11,13,1","13,11,1,15"
"202",12,"12,7,8","7,12,8,13"
"202",13,"4,14,16","16,4,14,18"
"202",14,"18,2,3","3,2,18,16"
"202",15,"8,9,5","5,9,8,17"
"202",16,"7,12,11","12,11,7,15"
"202",17,"6,10,13","6,10,13,14"
"202",18,"14,4,17","4,17,14,18"
"202",19,"16,5,15","15,16,5,13"
"202",20,"3,1,8","8,1,3,17"
"202",21,"10,6,7","10,6,7,15"
"202",22,"18,14,9","18,14,9,16"
"202",23,"15,17,13","17,13,15,14"
"202",24,"8,4,2","4,8,2,13"
"202",25,"14,16,11","11,16,14,17"
"202",26,"12,15,5","15,12,5,18"
"202",27,"7,13,18","7,18,13,15"
"202",28,"11,17,9","17,11,9,16"
"202",29,"6,11,18","6,18,11,14"
"202",30,"2,10,4","4,10,2,18"
"202",31,"16,9,1","16,9,1,13"
"202",32,"12,3,5","12,3,5,17"
"202",33,"13,8,7","7,8,13,14"
"202",34,"15,2,17","2,15,17,16"
"202",35,"16,6,3","3,6,16,13"
"202",36,"1,14,10","10,14,1,15"
"203",1,"5,12,1","5,12,1,18"
"203",2,"15,8,14","8,15,14,7"
"203",3,"16,2,11","2,16,11,15"
"203",4,"1,10,3","3,10,1,6"
"203",5,"4,6,9","9,6,4,14"
"203",6,"17,18,7","7,17,18,16"
"203",7,"13,10,12","12,10,13,8"
"203",8,"2,4,17","4,17,2,3"
"203",9,"9,5,6","5,9,6,17"
"203",10,"3,15,18","15,3,18,14"
"203",11,"11,13,1","13,11,1,15"
"203",12,"12,7,8","7,12,8,13"
"203",13,"4,14,16","16,4,14,8"
"203",14,"18,2,3","3,2,18,7"
"203",15,"8,9,5","5,9,8,18"
"203",16,"7,12,11","12,11,7,4"
"203",17,"6,10,13","6,10,13,5"
"203",18,"14,4,17","4,17,14,6"
"203",19,"16,5,15","15,16,5,3"
"203",20,"3,1,8","8,1,3,17"
"203",21,"10,6,7","10,6,7,5"
"203",22,"18,14,9","18,14,9,6"
"203",23,"15,17,13","17,13,15,4"
"203",24,"8,4,2","4,8,2,13"
"203",25,"14,16,11","11,16,14,7"
"203",26,"12,15,5","15,12,5,8"
"203",27,"7,13,18","7,18,13,15"
"203",28,"11,17,9","17,11,9,16"
"203",29,"6,11,18","6,18,11,14"
"203",30,"2,10,4","4,10,2,18"
"203",31,"16,9,1","16,9,1,3"
"203",32,"12,3,5","12,3,5,17"
"203",33,"13,8,7","7,8,13,4"
"203",34,"15,2,17","2,15,17,16"
"203",35,"16,6,3","3,6,16,13"
"203",36,"1,14,10","10,14,1,5"
"204",1,"5,12,1","5,12,1,20"
"204",2,"15,8,14","8,15,14,19"
"204",3,"16,2,11","2,16,11,21"
"204",4,"1,10,3","3,10,1,22"
"204",5,"4,6,9","9,6,4,23"
"204",6,"17,18,7","7,17,18,24"
"204",7,"13,10,12","12,10,13,19"
"204",8,"2,4,17","4,17,2,20"
"204",9,"9,5,6","5,9,6,21"
"204",10,"3,15,18","15,3,18,23"
"204",11,"11,13,1","13,11,1,22"
"204",12,"12,7,8","7,12,8,24"
"204",13,"4,14,16","16,4,14,19"
"204",14,"18,2,3","3,2,18,20"
"204",15,"8,9,5","5,9,8,21"
"204",16,"7,12,11","12,11,7,22"
"204",17,"6,10,13","6,10,13,23"
"204",18,"14,4,17","4,17,14,24"
"204",19,"16,5,15","15,16,5,19"
"204",20,"3,1,8","8,1,3,20"
"204",21,"10,6,7","10,6,7,21"
"204",22,"18,14,9","18,14,9,22"
"204",23,"15,17,13","17,13,15,23"
"204",24,"8,4,2","4,8,2,24"
"204",25,"14,16,11","11,16,14,19"
"204",26,"12,15,5","15,12,5,20"
"204",27,"7,13,18","7,18,13,21"
"204",28,"11,17,9","17,11,9,23"
"204",29,"6,11,18","6,18,11,22"
"204",30,"2,10,4","4,10,2,19"
"204",31,"16,9,1","16,9,1,21"
"204",32,"12,3,5","12,3,5,24"
"204",33,"13,8,7","7,8,13,20"
"204",34,"15,2,17","2,15,17,22"
"204",35,"16,6,3","3,6,16,24"
"204",36,"1,14,10","10,14,1,23"
"205",1,"10,11","10,11,1,3"
"205",2,"3,16","3,16,2,9"
"205",3,"12,18","12,18,4,10"
"205",4,"15,8","15,8,5,1"
"205",5,"13,1","13,1,7,5"
"205",6,"6,2","6,2,8,11"
"205",7,"14,17","14,17,3,12"
"205",8,"5,4","5,4,9,2"
"205",9,"6,12","6,12,1,13"
"205",10,"8,3","8,3,10,4"
"205",11,"9,11","9,11,4,15"
"205",12,"18,10","18,10,13,3"
"205",13,"17,1","17,1,6,10"
"205",14,"5,11","5,11,16,17"
"205",15,"13,14","13,14,12,6"
"205",16,"15,4","15,4,17,7"
"205",17,"8,9","8,9,11,14"
"205",18,"6,7","6,7,3,9"
"205",19,"10,2","10,2,15,5"
"205",20,"18,16","18,16,14,1"
"205",21,"5,12","5,12,18,16"
"205",22,"8,4","8,4,10,2"
"205",23,"13,14","13,14,18,7"
"205",24,"1,2","1,2,12,4"
"205",25,"17,15","17,15,7,13"
"205",26,"4,12","4,12,5,8"
"205",27,"9,6","9,6,17,11"
"205",28,"3,16","3,16,1,6"
"205",29,"10,11","10,11,14,17"
"205",30,"18,8","18,8,2,16"
"205",31,"4,13","4,13,6,12"
"205",32,"1,5","1,5,10,16"
"205",33,"3,9","3,9,15,13"
"205",34,"7,15","7,15,12,14"
"205",35,"2,6","2,6,8,5"
"205",36,"17,16","17,16,11,4"
"205",37,"10,7","10,7,16,9"
"205",38,"14,16","14,16,4,7"
"205",39,"12,7","12,7,15,10"
"205",40,"8,18","8,18,3,11"
"205",41,"5,13","5,13,9,1"
"205",42,"2,1","2,1,11,18"
"205",43,"17,7","17,7,13,8"
"205",44,"9,14","9,14,18,15"
"205",45,"6,16","6,16,17,3"
"205",46,"3,10","3,10,14,18"
"205",47,"11,15","11,15,16,17"
"205",48,"18,13","18,13,2,12"
"205",49,"1,11","1,11,7,14"
"205",50,"5,2","5,2,13,15"
"205",51,"17,14","17,14,9,6"
"205",52,"15,12","15,12,8,18"
"205",53,"9,4","9,4,6,2"
"205",54,"3,7","3,7,5,8"
"206",1,"10,11,4","10,11,1"
"206",2,"3,16,18","3,16,2"
"206",3,"12,18,3","12,18,4"
"206",4,"15,8,7","15,8,5"
"206",5,"13,1,6","13,1,7"
"206",6,"6,2,1","6,2,8"
"206",7,"14,17,2","14,17,3"
"206",8,"5,4,8","5,4,9"
"206",9,"6,12,10","6,12,1"
"206",10,"8,3,18","8,3,10"
"206",11,"9,11,13","9,11,4"
"206",12,"18,10,17","18,10,13"
"206",13,"17,1,16","17,1,6"
"206",14,"5,11,12","5,11,16"
"206",15,"13,14,9","13,14,12"
"206",16,"15,4,11","15,4,17"
"206",17,"8,9,12","8,9,11"
"206",18,"6,7,4","6,7,3"
"206",19,"10,2,6","10,2,15"
"206",20,"18,16,5","18,16,14"
"206",21,"5,12,2","5,12,18"
"206",22,"8,4,1","8,4,10"
"206",23,"13,14,3","13,14,18"
"206",24,"1,2,8","1,2,12"
"206",25,"17,15,14","17,15,7"
"206",26,"4,12,13","4,12,5"
"206",27,"9,6,18","9,6,17"
"206",28,"3,16,15","3,16,1"
"206",29,"10,11,16","10,11,14"
"206",30,"18,8,17","18,8,2"
"206",31,"4,13,7","4,13,6"
"206",32,"1,5,15","1,5,10"
"206",33,"3,9,5","3,9,15"
"206",34,"7,15,4","7,15,12"
"206",35,"2,6,9","2,6,8"
"206",36,"17,16,10","17,16,11"
"206",37,"10,7,6","10,7,16"
"206",38,"14,16,8","14,16,4"
"206",39,"12,7,11","12,7,15"
"206",40,"8,18,14","8,18,3"
"206",41,"5,13,16","5,13,9"
"206",42,"2,1,17","2,1,11"
"206",43,"17,7,15","17,7,13"
"206",44,"9,14,13","9,14,18"
"206",45,"6,16,11","6,16,17"
"206",46,"3,10,12","3,10,14"
"206",47,"11,15,14","11,15,16"
"206",48,"18,13,9","18,13,2"
"206",49,"1,11,2","1,11,7"
"206",50,"5,2,3","5,2,13"
"206",51,"17,14,7","17,14,9"
"206",52,"15,12,5","15,12,8"
"206",53,"9,4,10","9,4,6"
"206",54,"3,7,1","3,7,5"
"207",1,"10,11,4,14","10,11,1,3"
"207",2,"3,16,18,1","3,16,2,9"
"207",3,"12,18,3,11","12,18,4,10"
"207",4,"15,8,7,4","15,8,5,1"
"207",5,"13,1,6,3","13,1,7,5"
"207",6,"6,2,1,16","6,2,8,11"
"207",7,"14,17,2,5","14,17,3,12"
"207",8,"5,4,8,11","5,4,9,2"
"207",9,"6,12,10,17","6,12,1,13"
"207",10,"8,3,18,16","8,3,10,4"
"207",11,"9,11,13,17","9,11,4,15"
"207",12,"18,10,17,6","18,10,13,3"
"207",13,"17,1,16,5","17,1,6,10"
"207",14,"5,11,12,18","5,11,16,17"
"207",15,"13,14,9,17","13,14,12,6"
"207",16,"15,4,11,13","15,4,17,7"
"207",17,"8,9,12,15","8,9,11,14"
"207",18,"6,7,4,2","6,7,3,9"
"207",19,"10,2,6,9","10,2,15,5"
"207",20,"18,16,5,10","18,16,14,1"
"207",21,"5,12,2,1","5,12,18,16"
"207",22,"8,4,1,7","8,4,10,2"
"207",23,"13,14,3,8","13,14,18,7"
"207",24,"1,2,8,6","1,2,12,4"
"207",25,"17,15,14,16","17,15,7,13"
"207",26,"4,12,13,10","4,12,5,8"
"207",27,"9,6,18,12","9,6,17,11"
"207",28,"3,16,15,14","3,16,1,6"
"207",29,"10,11,16,13","10,11,14,17"
"207",30,"18,8,17,4","18,8,2,16"
"207",31,"4,13,7,3","4,13,6,12"
"207",32,"1,5,15,9","1,5,10,16"
"207",33,"3,9,5,18","3,9,15,13"
"207",34,"7,15,4,2","7,15,12,14"
"207",35,"2,6,9,7","2,6,8,5"
"207",36,"17,16,10,8","17,16,11,7"
"207",37,"10,7,6,11","10,7,16,4"
"207",38,"14,16,8,15","14,16,4,9"
"207",39,"12,7,11,14","12,7,15,10"
"207",40,"8,18,14,12","8,18,3,11"
"207",41,"5,13,16,6","5,13,9,1"
"207",42,"2,1,17,4","2,1,11,18"
"207",43,"17,7,15,5","17,7,13,8"
"207",44,"9,14,13,3","9,14,18,15"
"207",45,"6,16,11,8","6,16,17,3"
"207",46,"3,10,12,9","3,10,14,18"
"207",47,"11,15,14,18","11,15,16,17"
"207",48,"18,13,9,15","18,13,2,12"
"207",49,"1,11,2,13","1,11,7,14"
"207",50,"5,2,3,12","5,2,13,15"
"207",51,"17,14,7,10","17,14,9,6"
"207",52,"15,12,5,1","15,12,8,18"
"207",53,"9,4,10,7","9,4,6,2"
"207",54,"3,7,1,2","3,7,5,8"
"211",1,"11","10,11,13"
"211",2,"10","4,9,10"
"211",3,"7","8,2,7"
"211",4,"4","1,7,4"
"211",5,"7","7,11,14"
"211",6,"15","15,16,2"
"211",7,"11","11,5,3"
"211",8,"4","12,3,4"
"211",9,"16","8,13,16"
"211",10,"16","7,16,3"
"211",11,"9","9,3,8"
"211",12,"16","16,4,5"
"211",13,"11","8,11,10"
"211",14,"15","15,16,2"
"211",15,"10","2,10,13"
"211",16,"17","17,15,11"
"211",17,"18","11,18,15"
"211",18,"3","14,3,9"
"211",19,"17","10,17,2"
"211",20,"3","12,17,3"
"211",21,"3","5,14,3"
"211",22,"13","12,13,10"
"211",23,"4","2,4,3"
"211",24,"13","5,10,13"
"211",25,"2","15,5,2"
"211",26,"5","7,14,5"
"211",27,"8","11,8,7"
"211",28,"14","11,17,14"
"211",29,"8","8,1,10"
"211",30,"8","13,7,8"
"211",31,"4","10,4,7"
"211",32,"9","9,2,12"
"211",33,"2","17,8,2"
"211",34,"15","6,18,15"
"211",35,"12","6,12,10"
"211",36,"10","14,16,10"
"211",37,"17","13,17,11"
"211",38,"11","12,17,11"
"211",39,"2","3,14,2"
"211",40,"5","7,5,3"
"211",41,"1","1,8,2"
"211",42,"18","14,12,18"
"211",43,"7","15,1,7"
"211",44,"4","5,4,16"
"211",45,"8","9,10,8"
"211",46,"16","12,16,1"
"211",47,"5","8,2,5"
"211",48,"6","4,6,13"
"211",49,"12","12,18,5"
"211",50,"2","2,9,12"
"211",51,"7","7,9,2"
"211",52,"11","9,11,5"
"211",53,"10","5,10,8"
"211",54,"1","1,3,7"
"211",55,"15","14,15,11"
"211",56,"6","18,9,6"
"211",57,"7","5,17,7"
"211",58,"1","17,1,6"
"211",59,"18","18,15,7"
"211",60,"18","7,18,6"
"211",61,"14","17,14,11"
"211",62,"6","4,6,18"
"211",63,"6","17,6,15"
"211",64,"1","12,8,1"
"211",65,"10","15,10,1"
"211",66,"5","11,16,5"
"211",67,"16","6,14,16"
"211",68,"12","12,14,17"
"211",69,"15","3,4,15"
"211",70,"1","1,16,6"
"211",71,"14","11,4,14"
"211",72,"3","10,1,3"
"211",73,"10","18,13,10"
"211",74,"13","4,1,13"
"211",75,"12","18,12,2"
"211",76,"7","8,17,7"
"211",77,"13","9,11,13"
"211",78,"17","17,9,16"
"211",79,"5","8,1,5"
"211",80,"9","9,12,16"
"211",81,"14","14,4,15"
"211",82,"18","2,3,18"
"211",83,"17","6,18,17"
"211",84,"18","18,16,15"
"211",85,"2","16,6,2"
"211",86,"12","12,14,18"
"211",87,"13","4,13,15"
"211",88,"17","1,17,4"
"211",89,"14","2,13,14"
"211",90,"12","10,12,18"
"211",91,"6","6,13,14"
"211",92,"5","5,17,13"
"211",93,"2","3,5,2"
"211",94,"16","9,7,16"
"211",95,"3","18,4,3"
"211",96,"8","1,6,8"
"211",97,"13","12,16,13"
"211",98,"9","9,17,7"
"211",99,"4","4,13,12"
"211",100,"11","15,11,8"
"211",101,"1","6,1,16"
"211",102,"3","5,3,18"
"211",103,"8","1,3,8"
"211",104,"9","6,9,15"
"211",105,"6","6,10,1"
"211",106,"15","9,15,6"
"211",107,"14","18,9,14"
"211",108,"9","11,9,13"
"212",1,"5,12","5,12,14"
"212",2,"9,14","9,14,13"
"212",3,"1,11","6,1,11"
"212",4,"8,9","8,7,9"
"212",5,"17,15","7,17,15"
"212",6,"8,4","8,18,4"
"212",7,"18,16","18,16,10"
"212",8,"1,2","2,1,3"
"212",9,"13,14","18,13,14"
"212",10,"17,1","17,12,1"
"212",11,"5,13","13,5,2"
"212",12,"3,16","15,16,3"
"212",13,"6,12","15,12,6"
"212",14,"12,18","14,12,18"
"212",15,"17,7","1,17,7"
"212",16,"10,2","10,16,2"
"212",17,"11,15","11,8,15"
"212",18,"8,3","8,10,3"
"212",19,"17,7","7,4,17"
"212",20,"10,6","6,10,1"
"212",21,"2,1","2,16,1"
"212",22,"4,2","4,5,2"
"212",23,"9,11","11,12,9"
"212",24,"13,1","13,18,1"
"212",25,"6,2","3,2,6"
"212",26,"14,17","14,5,17"
"212",27,"18,10","18,15,10"
"212",28,"18,8","18,17,8"
"212",29,"15,12","12,3,15"
"212",30,"8,18","4,8,18"
"212",31,"1,13","1,13,8"
"212",32,"7,15","15,7,1"
"212",33,"6,16","6,17,16"
"212",34,"4,12","4,14,12"
"212",35,"9,4","4,13,9"
"212",36,"3,7","3,7,8"
"212",37,"5,4","4,11,5"
"212",38,"10,11","10,12,11"
"212",39,"12,7","12,9,7"
"212",40,"9,6","9,16,6"
"212",41,"6,7","6,7,9"
"212",42,"10,11","11,17,10"
"212",43,"15,4","4,15,2"
"212",44,"9,16","9,4,16"
"212",45,"3,16","3,9,16"
"212",46,"18,13","6,18,13"
"212",47,"3,10","3,5,10"
"212",48,"15,8","10,15,8"
"212",49,"3,5","7,5,3"
"212",50,"14,16","14,11,16"
"212",51,"5,2","5,2,6"
"212",52,"5,11","13,5,11"
"212",53,"17,14","14,11,17"
"212",54,"13,14","2,14,13"
"213",1,"1,11","18,11,6,1"
"213",2,"9,6","16,6,7,9"
"213",3,"8,9","7,8,15,9"
"213",4,"9,16","16,9,4,6"
"213",5,"17,15","3,17,15,7"
"213",6,"9,4","16,9,4,13"
"213",7,"7,15","2,15,7,1"
"213",8,"14,16","14,16,11,4"
"213",9,"15,4","2,15,3,4"
"213",10,"3,16","17,9,3,16"
"213",11,"18,10","10,7,18,15"
"213",12,"12,7","1,12,9,7"
"213",13,"9,14","9,14,13,11"
"213",14,"6,7","7,6,14,9"
"213",15,"14,17","17,5,14,11"
"213",16,"13,14","2,18,13,14"
"213",17,"15,12","3,14,12,15"
"213",18,"1,2","3,2,16,1"
"213",19,"8,4","8,4,18,12"
"213",20,"18,8","17,8,18,10"
"213",21,"13,1","18,12,13,1"
"213",22,"10,6","6,12,1,10"
"213",23,"5,4","4,5,11,9"
"213",24,"5,2","5,2,6,13"
"213",25,"6,12","1,15,6,12"
"213",26,"13,14","2,13,14,9"
"213",27,"3,10","10,3,5,16"
"213",28,"5,12","12,18,5,14"
"213",29,"8,3","10,3,6,8"
"213",30,"4,2","2,8,5,4"
"213",31,"17,7","7,10,4,17"
"213",32,"18,16","16,10,8,18"
"213",33,"3,5","5,9,7,3"
"213",34,"6,16","6,16,17,1"
"213",35,"17,14","5,17,11,14"
"213",36,"5,13","2,5,13,4"
"213",37,"4,12","12,4,14,17"
"213",38,"1,13","6,13,8,1"
"213",39,"17,1","1,12,17,5"
"213",40,"3,7","8,3,7,10"
"213",41,"3,16","15,3,16,4"
"213",42,"15,8","10,8,15,11"
"213",43,"9,11","9,11,7,12"
"213",44,"10,11","17,5,10,11"
"213",45,"6,2","3,6,2,8"
"213",46,"17,7","18,7,17,1"
"213",47,"5,11","5,11,2,13"
"213",48,"8,18","18,8,17,4"
"213",49,"2,1","12,1,2,16"
"213",50,"12,18","18,12,14,13"
"213",51,"18,13","18,3,6,13"
"213",52,"10,11","12,15,10,11"
"213",53,"10,2","2,16,10,13"
"213",54,"11,15","11,8,14,15"
"214",1,"10,6,7","14,6,10,7"
"214",2,"3,18,9","9,18,3,10"
"214",3,"15,17,13","3,15,17,13"
"214",4,"1,14,12","11,12,1,14"
"214",5,"10,6,9","4,9,6,10"
"214",6,"2,10,4","2,10,4,7"
"214",7,"9,5,6","6,12,5,9"
"214",8,"14,4,17","9,14,4,17"
"214",9,"12,7,8","6,8,12,7"
"214",10,"3,1,8","15,8,3,1"
"214",11,"5,12,1","12,13,1,5"
"214",12,"2,4,17","4,15,2,17"
"214",13,"17,18,7","17,4,18,7"
"214",14,"4,14,16","5,16,14,4"
"214",15,"16,5,15","1,5,16,15"
"214",16,"12,3,1","12,6,1,3"
"214",17,"13,10,12","12,2,10,13"
"214",18,"18,2,3","5,2,3,18"
"214",19,"7,13,18","3,18,13,7"
"214",20,"16,2,11","16,11,18,2"
"214",21,"15,8,14","14,15,16,8"
"214",22,"16,6,11","17,16,11,6"
"214",23,"6,10,13","10,6,13,16"
"214",24,"3,15,18","8,15,3,18"
"214",25,"7,12,11","7,18,12,11"
"214",26,"14,16,11","14,11,16,2"
"214",27,"11,13,1","1,11,14,13"
"214",28,"1,4,3","3,1,4,8"
"214",29,"6,11,17","6,11,17,7"
"214",30,"8,4,2","4,2,11,8"
"214",31,"18,14,9","9,1,18,14"
"214",32,"13,8,7","13,9,8,7"
"214",33,"10,15,5","10,15,12,5"
"214",34,"8,9,5","5,8,17,9"
"214",35,"16,9,5","5,9,13,16"
"214",36,"15,2,17","2,17,10,15"
"215",1,"11","10,11,13"
"215",2,"10","4,9,10"
"215",3,"7","8,2,7"
"215",4,"4","1,7,4"
"215",5,"7","7,11,14"
"215",6,"15","15,16,2"
"215",7,"11","11,5,3"
"215",8,"4","12,3,4"
"215",9,"16","8,13,16"
"215",10,"16","7,16,3"
"215",11,"9","9,3,8"
"215",12,"16","16,4,5"
"215",13,"11","8,11,10"
"215",14,"15","15,16,2"
"215",15,"10","2,10,13"
"215",16,"17","17,15,11"
"215",17,"18","11,18,15"
"215",18,"3","14,3,9"
"215",19,"17","10,17,2"
"215",20,"3","12,17,3"
"215",21,"3","5,14,3"
"215",22,"13","12,13,10"
"215",23,"4","2,4,3"
"215",24,"13","5,10,13"
"215",25,"2","15,5,2"
"215",26,"5","7,14,5"
"215",27,"8","11,8,7"
"215",28,"14","11,17,14"
"215",29,"8","8,1,10"
"215",30,"8","13,7,8"
"215",31,"4","10,4,7"
"215",32,"9","9,2,12"
"215",33,"2","17,8,2"
"215",34,"15","6,18,15"
"215",35,"12","6,12,10"
"215",36,"10","14,16,10"
"215",37,"17","13,17,11"
"215",38,"11","12,17,11"
"215",39,"2","3,14,2"
"215",40,"5","7,5,3"
"215",41,"1","1,8,2"
"215",42,"18","14,12,18"
"215",43,"7","15,1,7"
"215",44,"4","5,4,16"
"215",45,"8","9,10,8"
"215",46,"16","12,16,1"
"215",47,"5","8,2,5"
"215",48,"6","4,6,13"
"215",49,"12","12,18,5"
"215",50,"2","2,9,12"
"215",51,"7","7,9,2"
"215",52,"11","9,11,5"
"215",53,"10","5,10,8"
"215",54,"1","1,3,7"
"215",55,"15","14,15,11"
"215",56,"6","18,9,6"
"215",57,"7","5,17,7"
"215",58,"1","17,1,6"
"215",59,"18","18,15,7"
"215",60,"18","7,18,6"
"215",61,"14","17,14,11"
"215",62,"6","4,6,18"
"215",63,"6","17,6,15"
"215",64,"1","12,8,1"
"215",65,"10","15,10,1"
"215",66,"5","11,16,5"
"215",67,"16","6,14,16"
"215",68,"12","12,14,17"
"215",69,"15","3,4,15"
"215",70,"1","1,16,6"
"215",71,"14","11,4,14"
"215",72,"3","10,1,3"
"215",73,"10","18,13,10"
"215",74,"13","4,1,13"
"215",75,"12","18,12,2"
"215",76,"7","8,17,7"
"215",77,"13","9,11,13"
"215",78,"17","17,9,16"
"215",79,"5","8,1,5"
"215",80,"9","9,12,16"
"215",81,"14","14,4,15"
"215",82,"18","2,3,18"
"215",83,"17","6,18,17"
"215",84,"18","18,16,15"
"215",85,"2","16,6,2"
"215",86,"12","12,14,18"
"215",87,"13","4,13,15"
"215",88,"17","1,17,4"
"215",89,"14","2,13,14"
"215",90,"12","10,12,18"
"215",91,"6","6,13,14"
"215",92,"5","5,17,13"
"215",93,"2","3,5,2"
"215",94,"16","9,7,16"
"215",95,"3","18,4,3"
"215",96,"8","1,6,8"
"215",97,"13","12,16,13"
"215",98,"9","9,17,7"
"215",99,"4","4,13,12"
"215",100,"11","15,11,8"
"215",101,"1","6,1,16"
"215",102,"3","5,3,18"
"215",103,"8","1,3,8"
"215",104,"9","6,9,15"
"215",105,"6","6,10,1"
"215",106,"15","9,15,6"
"215",107,"14","18,9,14"
"215",108,"9","11,9,13"
"216",1,"5,12","5,12,14"
"216",2,"9,14","9,14,13"
"216",3,"1,11","6,1,11"
"216",4,"8,9","8,7,9"
"216",5,"17,15","7,17,15"
"216",6,"8,4","8,18,4"
"216",7,"18,16","18,16,10"
"216",8,"1,2","2,1,3"
"216",9,"13,14","18,13,14"
"216",10,"17,1","17,12,1"
"216",11,"5,13","13,5,2"
"216",12,"3,16","15,16,3"
"216",13,"6,12","15,12,6"
"216",14,"12,18","14,12,18"
"216",15,"17,7","1,17,7"
"216",16,"10,2","10,16,2"
"216",17,"11,15","11,8,15"
"216",18,"8,3","8,10,3"
"216",19,"17,7","7,4,17"
"216",20,"10,6","6,10,1"
"216",21,"2,1","2,16,1"
"216",22,"4,2","4,5,2"
"216",23,"9,11","11,12,9"
"216",24,"13,1","13,18,1"
"216",25,"6,2","3,2,6"
"216",26,"14,17","14,5,17"
"216",27,"18,10","18,15,10"
"216",28,"18,8","18,17,8"
"216",29,"15,12","12,3,15"
"216",30,"8,18","4,8,18"
"216",31,"1,13","1,13,8"
"216",32,"7,15","15,7,1"
"216",33,"6,16","6,17,16"
"216",34,"4,12","4,14,12"
"216",35,"9,4","4,13,9"
"216",36,"3,7","3,7,8"
"216",37,"5,4","4,11,5"
"216",38,"10,11","10,12,11"
"216",39,"12,7","12,9,7"
"216",40,"9,6","9,16,6"
"216",41,"6,7","6,7,9"
"216",42,"10,11","11,17,10"
"216",43,"15,4","4,15,2"
"216",44,"9,16","9,4,16"
"216",45,"3,16","3,9,16"
"216",46,"18,13","6,18,13"
"216",47,"3,10","3,5,10"
"216",48,"15,8","10,15,8"
"216",49,"3,5","7,5,3"
"216",50,"14,16","14,11,16"
"216",51,"5,2","5,2,6"
"216",52,"5,11","13,5,11"
"216",53,"17,14","14,11,17"
"216",54,"13,14","2,14,13"
"217",1,"1,11","18,11,6,1"
"217",2,"9,6","16,6,7,9"
"217",3,"8,9","7,8,15,9"
"217",4,"9,16","16,9,4,6"
"217",5,"17,15","3,17,15,7"
"217",6,"9,4","16,9,4,13"
"217",7,"7,15","2,15,7,1"
"217",8,"14,16","14,16,11,4"
"217",9,"15,4","2,15,3,4"
"217",10,"3,16","17,9,3,16"
"217",11,"18,10","10,7,18,15"
"217",12,"12,7","1,12,9,7"
"217",13,"9,14","9,14,13,11"
"217",14,"6,7","7,6,14,9"
"217",15,"14,17","17,5,14,11"
"217",16,"13,14","2,18,13,14"
"217",17,"15,12","3,14,12,15"
"217",18,"1,2","3,2,16,1"
"217",19,"8,4","8,4,18,12"
"217",20,"18,8","17,8,18,10"
"217",21,"13,1","18,12,13,1"
"217",22,"10,6","6,12,1,10"
"217",23,"5,4","4,5,11,9"
"217",24,"5,2","5,2,6,13"
"217",25,"6,12","1,15,6,12"
"217",26,"13,14","2,13,14,9"
"217",27,"3,10","10,3,5,16"
"217",28,"5,12","12,18,5,14"
"217",29,"8,3","10,3,6,8"
"217",30,"4,2","2,8,5,4"
"217",31,"17,7","7,10,4,17"
"217",32,"18,16","16,10,8,18"
"217",33,"3,5","5,9,7,3"
"217",34,"6,16","6,16,17,1"
"217",35,"17,14","5,17,11,14"
"217",36,"5,13","2,5,13,4"
"217",37,"4,12","12,4,14,17"
"217",38,"1,13","6,13,8,1"
"217",39,"17,1","1,12,17,5"
"217",40,"3,7","8,3,7,10"
"217",41,"3,16","15,3,16,4"
"217",42,"15,8","10,8,15,11"
"217",43,"9,11","9,11,7,12"
"217",44,"10,11","17,5,10,11"
"217",45,"6,2","3,6,2,8"
"217",46,"17,7","18,7,17,1"
"217",47,"5,11","5,11,2,13"
"217",48,"8,18","18,8,17,4"
"217",49,"2,1","12,1,2,16"
"217",50,"12,18","18,12,14,13"
"217",51,"18,13","18,3,6,13"
"217",52,"10,11","12,15,10,11"
"217",53,"10,2","2,16,10,13"
"217",54,"11,15","11,8,14,15"
"218",1,"10,6,7","14,6,10,7"
"218",2,"3,18,9","9,18,3,10"
"218",3,"15,17,13","3,15,17,13"
"218",4,"1,14,12","11,12,1,14"
"218",5,"10,6,9","4,9,6,10"
"218",6,"2,10,4","2,10,4,7"
"218",7,"9,5,6","6,12,5,9"
"218",8,"14,4,17","9,14,4,17"
"218",9,"12,7,8","6,8,12,7"
"218",10,"3,1,8","15,8,3,1"
"218",11,"5,12,1","12,13,1,5"
"218",12,"2,4,17","4,15,2,17"
"218",13,"17,18,7","17,4,18,7"
"218",14,"4,14,16","5,16,14,4"
"218",15,"16,5,15","1,5,16,15"
"218",16,"12,3,1","12,6,1,3"
"218",17,"13,10,12","12,2,10,13"
"218",18,"18,2,3","5,2,3,18"
"218",19,"7,13,18","3,18,13,7"
"218",20,"16,2,11","16,11,18,2"
"218",21,"15,8,14","14,15,16,8"
"218",22,"16,6,11","17,16,11,6"
"218",23,"6,10,13","10,6,13,16"
"218",24,"3,15,18","8,15,3,18"
"218",25,"7,12,11","7,18,12,11"
"218",26,"14,16,11","14,11,16,2"
"218",27,"11,13,1","1,11,14,13"
"218",28,"1,4,3","3,1,4,8"
"218",29,"6,11,17","6,11,17,7"
"218",30,"8,4,2","4,2,11,8"
"218",31,"18,14,9","9,1,18,14"
"218",32,"13,8,7","13,9,8,7"
"218",33,"10,15,5","10,15,12,5"
"218",34,"8,9,5","5,8,17,9"
"218",35,"16,9,5","5,9,13,16"
"218",36,"15,2,17","2,17,10,15"
"219",1,"10,11","10,11,1"
"219",2,"3,16","3,16,2"
"219",3,"12,18","12,18,4"
"219",4,"15,8","15,8,5"
"219",5,"13,1","13,1,7"
"219",6,"6,2","6,2,8"
"219",7,"14,17","14,17,3"
"219",8,"5,4","5,4,9"
"219",9,"6,12","6,12,1"
"219",10,"8,3","8,3,10"
"219",11,"9,11","9,11,4"
"219",12,"18,10","18,10,13"
"219",13,"17,1","17,1,6"
"219",14,"5,11","5,11,16"
"219",15,"13,14","13,14,12"
"219",16,"15,4","15,4,17"
"219",17,"8,9","8,9,11"
"219",18,"6,7","6,7,3"
"219",19,"10,2","10,2,15"
"219",20,"18,16","18,16,14"
"219",21,"5,12","5,12,18"
"219",22,"8,4","8,4,10"
"219",23,"13,14","13,14,18"
"219",24,"1,2","1,2,12"
"219",25,"17,15","17,15,7"
"219",26,"4,12","4,12,5"
"219",27,"9,6","9,6,17"
"219",28,"3,16","3,16,1"
"219",29,"10,11","10,11,14"
"219",30,"18,8","18,8,2"
"219",31,"4,13","4,13,6"
"219",32,"1,5","1,5,10"
"219",33,"3,9","3,9,15"
"219",34,"7,15","7,15,12"
"219",35,"2,6","2,6,8"
"219",36,"17,16","17,16,11"
"219",37,"10,7","10,7,16"
"219",38,"14,16","14,16,4"
"219",39,"12,7","12,7,15"
"219",40,"8,18","8,18,3"
"219",41,"5,13","5,13,9"
"219",42,"2,1","2,1,11"
"219",43,"17,7","17,7,13"
"219",44,"9,14","9,14,18"
"219",45,"6,16","6,16,17"
"219",46,"3,10","3,10,14"
"219",47,"11,15","11,15,16"
"219",48,"18,13","18,13,2"
"219",49,"1,11","1,11,7"
"219",50,"5,2","5,2,13"
"219",51,"17,14","17,14,9"
"219",52,"15,12","15,12,8"
"219",53,"9,4","9,4,6"
"219",54,"3,7","3,7,5"
"220",1,"10,11,1","10,11,1,3"
"220",2,"3,16,2","3,16,2,9"
"220",3,"12,18,4","12,18,4,10"
"220",4,"15,8,5","15,8,5,1"
"220",5,"13,1,7","13,1,7,5"
"220",6,"6,2,8","6,2,8,11"
"220",7,"14,17,3","14,17,3,12"
"220",8,"5,4,9","5,4,9,2"
"220",9,"6,12,1","6,12,1,13"
"220",10,"8,3,10","8,3,10,4"
"220",11,"9,11,4","9,11,4,15"
"220",12,"18,10,13","18,10,13,3"
"220",13,"17,1,6","17,1,6,10"
"220",14,"5,11,16","5,11,16,17"
"220",15,"13,14,12","13,14,12,6"
"220",16,"15,4,17","15,4,17,7"
"220",17,"8,9,11","8,9,11,14"
"220",18,"6,7,3","6,7,3,9"
"220",19,"10,2,15","10,2,15,5"
"220",20,"18,16,14","18,16,14,1"
"220",21,"5,12,18","5,12,18,16"
"220",22,"8,4,10","8,4,10,2"
"220",23,"13,14,18","13,14,18,7"
"220",24,"1,2,12","1,2,12,4"
"220",25,"17,15,7","17,15,7,13"
"220",26,"4,12,5","4,12,5,8"
"220",27,"9,6,17","9,6,17,11"
"220",28,"3,16,1","3,16,1,6"
"220",29,"10,11,14","10,11,14,17"
"220",30,"18,8,2","18,8,2,16"
"220",31,"4,13,6","4,13,6,12"
"220",32,"1,5,10","1,5,10,16"
"220",33,"3,9,15","3,9,15,13"
"220",34,"7,15,12","7,15,12,14"
"220",35,"2,6,8","2,6,8,5"
"220",36,"17,16,11","17,16,11,7"
"220",37,"10,7,16","10,7,16,4"
"220",38,"14,16,4","14,16,4,9"
"220",39,"12,7,15","12,7,15,10"
"220",40,"8,18,3","8,18,3,11"
"220",41,"5,13,9","5,13,9,1"
"220",42,"2,1,11","2,1,11,18"
"220",43,"17,7,13","17,7,13,8"
"220",44,"9,14,18","9,14,18,15"
"220",45,"6,16,17","6,16,17,3"
"220",46,"3,10,14","3,10,14,18"
"220",47,"11,15,16","11,15,16,17"
"220",48,"18,13,2","18,13,2,12"
"220",49,"1,11,7","1,11,7,14"
"220",50,"5,2,13","5,2,13,15"
"220",51,"17,14,9","17,14,9,6"
"220",52,"15,12,8","15,12,8,18"
"220",53,"9,4,6","9,4,6,2"
"220",54,"3,7,5","3,7,5,8"
"221",1,"16","18,16,9,2"
"221",2,"10","10,6,3,4"
"221",3,"13","1,15,13,7"
"221",4,"12","5,17,12,14"
"221",5,"9","7,8,10,9"
"221",6,"14","11,14,3,18"
"221",7,"12","17,16,12,15"
"221",8,"13","13,2,6,10"
"221",9,"7","7,5,8,4"
"221",10,"9","9,2,1,13"
"221",11,"18","18,11,14,16"
"221",12,"5","3,5,17,10"
"221",13,"12","11,8,12,13"
"221",14,"16","6,14,16,15"
"221",15,"1","3,12,7,1"
"221",16,"9","11,2,9,17"
"221",17,"5","18,5,16,4"
"221",18,"3","12,3,14,1"
"221",19,"7","7,6,15,18"
"221",20,"16","11,16,13,2"
"221",21,"15","4,15,5,8"
"221",22,"1","10,9,1,17"
"221",23,"3","3,12,6,18"
"221",24,"4","13,4,2,8"
"221",25,"1","5,9,1,14"
"221",26,"17","8,7,10,17"
"221",27,"4","6,4,15,11"
"221",28,"18","18,16,9,2"
"221",29,"3","10,6,3,4"
"221",30,"15","1,15,13,7"
"221",31,"17","5,17,12,14"
"221",32,"10","7,8,10,9"
"221",33,"11","11,14,3,18"
"221",34,"17","17,16,12,15"
"221",35,"6","13,2,6,10"
"221",36,"5","7,5,8,4"
"221",37,"13","9,2,1,13"
"221",38,"11","18,11,14,16"
"221",39,"17","3,5,17,10"
"221",40,"13","11,8,12,13"
"221",41,"14","6,14,16,15"
"221",42,"3","3,12,7,1"
"221",43,"17","11,2,9,17"
"221",44,"18","18,5,16,4"
"221",45,"12","12,3,14,1"
"221",46,"6","7,6,15,18"
"221",47,"2","11,16,13,2"
"221",48,"4","4,15,5,8"
"221",49,"17","10,9,1,17"
"221",50,"12","3,12,6,18"
"221",51,"2","13,4,2,8"
"221",52,"9","5,9,1,14"
"221",53,"10","8,7,10,17"
"221",54,"6","6,4,15,11"
"221",55,"2","18,16,9,2"
"221",56,"4","10,6,3,4"
"221",57,"1","1,15,13,7"
"221",58,"14","5,17,12,14"
"221",59,"7","7,8,10,9"
"221",60,"3","11,14,3,18"
"221",61,"15","17,16,12,15"
"221",62,"2","13,2,6,10"
"221",63,"4","7,5,8,4"
"221",64,"2","9,2,1,13"
"221",65,"14","18,11,14,16"
"221",66,"3","3,5,17,10"
"221",67,"11","11,8,12,13"
"221",68,"15","6,14,16,15"
"221",69,"12","3,12,7,1"
"221",70,"11","11,2,9,17"
"221",71,"4","18,5,16,4"
"221",72,"14","12,3,14,1"
"221",73,"18","7,6,15,18"
"221",74,"13","11,16,13,2"
"221",75,"5","4,15,5,8"
"221",76,"10","10,9,1,17"
"221",77,"18","3,12,6,18"
"221",78,"13","13,4,2,8"
"221",79,"14","5,9,1,14"
"221",80,"7","8,7,10,17"
"221",81,"11","6,4,15,11"
"221",82,"9","18,16,9,2"
"221",83,"6","10,6,3,4"
"221",84,"7","1,15,13,7"
"221",85,"5","5,17,12,14"
"221",86,"8","7,8,10,9"
"221",87,"18","11,14,3,18"
"221",88,"16","17,16,12,15"
"221",89,"10","13,2,6,10"
"221",90,"8","7,5,8,4"
"221",91,"1","9,2,1,13"
"221",92,"16","18,11,14,16"
"221",93,"10","3,5,17,10"
"221",94,"8","11,8,12,13"
"221",95,"6","6,14,16,15"
"221",96,"7","3,12,7,1"
"221",97,"2","11,2,9,17"
"221",98,"16","18,5,16,4"
"221",99,"1","12,3,14,1"
"221",100,"15","7,6,15,18"
"221",101,"11","11,16,13,2"
"221",102,"8","4,15,5,8"
"221",103,"9","10,9,1,17"
"221",104,"6","3,12,6,18"
"221",105,"8","13,4,2,8"
"221",106,"5","5,9,1,14"
"221",107,"8","8,7,10,17"
"221",108,"15","6,4,15,11"
"222",1,"5","5,15,8"
"222",2,"1","12,1,14"
"222",3,"16","16,2,11"
"222",4,"3","1,4,3"
"222",5,"9","10,6,9"
"222",6,"17","17,18,7"
"222",7,"12","13,10,12"
"222",8,"4","2,4,17"
"222",9,"5","9,5,6"
"222",10,"18","3,15,18"
"222",11,"1","11,13,1"
"222",12,"8","12,7,8"
"222",13,"16","4,14,16"
"222",14,"18","18,2,3"
"222",15,"8","8,9,5"
"222",16,"11","7,12,11"
"222",17,"10","6,10,13"
"222",18,"17","14,4,17"
"222",19,"16","16,5,15"
"222",20,"3","3,1,8"
"222",21,"7","10,6,7"
"222",22,"9","18,14,9"
"222",23,"17","15,17,13"
"222",24,"4","8,4,2"
"222",25,"11","14,16,11"
"222",26,"10","10,15,5"
"222",27,"7","7,13,18"
"222",28,"3","3,18,9"
"222",29,"11","6,11,17"
"222",30,"2","2,10,4"
"222",31,"9","16,9,5"
"222",32,"1","12,3,1"
"222",33,"13","13,8,7"
"222",34,"2","15,2,17"
"222",35,"16","16,6,11"
"222",36,"14","1,14,12"
"222",37,"8","5,15,8"
"222",38,"12","12,1,14"
"222",39,"2","16,2,11"
"222",40,"4","1,4,3"
"222",41,"10","10,6,9"
"222",42,"7","17,18,7"
"222",43,"10","13,10,12"
"222",44,"2","2,4,17"
"222",45,"6","9,5,6"
"222",46,"15","3,15,18"
"222",47,"11","11,13,1"
"222",48,"7","12,7,8"
"222",49,"14","4,14,16"
"222",50,"3","18,2,3"
"222",51,"9","8,9,5"
"222",52,"7","7,12,11"
"222",53,"6","6,10,13"
"222",54,"4","14,4,17"
"222",55,"15","16,5,15"
"222",56,"1","3,1,8"
"222",57,"6","10,6,7"
"222",58,"18","18,14,9"
"222",59,"15","15,17,13"
"222",60,"2","8,4,2"
"222",61,"14","14,16,11"
"222",62,"5","10,15,5"
"222",63,"13","7,13,18"
"222",64,"9","3,18,9"
"222",65,"6","6,11,17"
"222",66,"4","2,10,4"
"222",67,"5","16,9,5"
"222",68,"3","12,3,1"
"222",69,"7","13,8,7"
"222",70,"15","15,2,17"
"222",71,"11","16,6,11"
"222",72,"12","1,14,12"
"222",73,"15","5,15,8"
"222",74,"14","12,1,14"
"222",75,"11","16,2,11"
"222",76,"1","1,4,3"
"222",77,"6","10,6,9"
"222",78,"18","17,18,7"
"222",79,"13","13,10,12"
"222",80,"17","2,4,17"
"222",81,"9","9,5,6"
"222",82,"3","3,15,18"
"222",83,"13","11,13,1"
"222",84,"12","12,7,8"
"222",85,"4","4,14,16"
"222",86,"2","18,2,3"
"222",87,"5","8,9,5"
"222",88,"12","7,12,11"
"222",89,"13","6,10,13"
"222",90,"14","14,4,17"
"222",91,"5","16,5,15"
"222",92,"8","3,1,8"
"222",93,"10","10,6,7"
"222",94,"14","18,14,9"
"222",95,"13","15,17,13"
"222",96,"8","8,4,2"
"222",97,"16","14,16,11"
"222",98,"15","10,15,5"
"222",99,"18","7,13,18"
"222",100,"18","3,18,9"
"222",101,"17","6,11,17"
"222",102,"10","2,10,4"
"222",103,"16","16,9,5"
"222",104,"12","12,3,1"
"222",105,"8","13,8,7"
"222",106,"17","15,2,17"
"222",107,"6","16,6,11"
"222",108,"1","1,14,12"
"223",1,"6,18,2,9","6,18,2,9"
"223",2,"4,16,10,3","4,16,10,3"
"223",3,"15,1,7,13","15,1,7,13"
"223",4,"12,5,17,14","12,5,17,14"
"223",5,"9,8,7,10","9,8,7,10"
"223",6,"18,3,11,14","18,3,11,14"
"223",7,"12,15,16,17","12,15,16,17"
"223",8,"13,6,2,10","13,6,2,10"
"223",9,"7,4,8,5","7,4,8,5"
"223",10,"9,13,1,2","9,13,1,2"
"223",11,"18,14,4,11","18,14,4,11"
"223",12,"10,5,17,3","10,5,17,3"
"223",13,"11,8,13,12","11,8,13,12"
"223",14,"6,15,14,16","6,15,14,16"
"223",15,"1,3,12,7","1,3,12,7"
"223",16,"9,2,11,17","9,2,11,17"
"223",17,"18,4,16,5","18,4,16,5"
"223",18,"1,14,3,12","1,14,3,12"
"223",19,"15,18,7,6","15,18,7,6"
"223",20,"13,2,16,11","13,2,16,11"
"223",21,"5,4,15,8","5,4,15,8"
"223",22,"9,10,1,17","9,10,1,17"
"223",23,"6,12,18,3","6,12,18,3"
"223",24,"16,8,13,2","16,8,13,2"
"223",25,"1,5,9,14","1,5,9,14"
"223",26,"10,7,17,8","10,7,17,8"
"223",27,"15,4,11,6","15,4,11,6"
"224",1,"5,12,1","5,12,1"
"224",2,"15,8,14","8,15,14"
"224",3,"16,2,11","2,16,11"
"224",4,"1,4,3","3,4,1"
"224",5,"10,6,9","9,6,10"
"224",6,"17,18,7","7,17,18"
"224",7,"13,10,12","12,10,13"
"224",8,"2,4,17","4,17,2"
"224",9,"9,5,6","5,9,6"
"224",10,"3,15,18","15,3,18"
"224",11,"11,13,1","13,11,1"
"224",12,"12,7,8","7,12,8"
"224",13,"4,14,16","16,4,14"
"224",14,"18,2,3","3,2,18"
"224",15,"8,9,5","5,9,8"
"224",16,"7,12,11","12,11,7"
"224",17,"6,10,13","6,10,13"
"224",18,"14,4,17","4,17,14"
"224",19,"16,5,15","15,16,5"
"224",20,"3,1,8","8,1,3"
"224",21,"10,6,7","10,6,7"
"224",22,"18,14,9","18,14,9"
"224",23,"15,17,13","17,13,15"
"224",24,"8,4,2","4,8,2"
"224",25,"14,16,11","11,16,14"
"224",26,"10,15,5","15,12,5"
"224",27,"7,13,18","7,18,13"
"224",28,"3,18,9","18,3,9"
"224",29,"6,11,17","6,17,11"
"224",30,"2,10,4","4,10,2"
"224",31,"16,9,5","16,9,5"
"224",32,"12,3,1","12,3,1"
"224",33,"13,8,7","7,8,13"
"224",34,"15,2,17","2,15,17"
"224",35,"16,6,11","11,6,16"
"224",36,"1,14,12","10,14,1"
"225",1,"10,11","10,11"
"225",2,"3,16","3,16"
"225",3,"12,18","12,18"
"225",4,"15,8","15,8"
"225",5,"13,1","13,1"
"225",6,"6,2","6,2"
"225",7,"14,17","14,17"
"225",8,"5,4","5,4"
"225",9,"6,12","6,12"
"225",10,"8,3","8,3"
"225",11,"9,11","9,11"
"225",12,"18,10","18,10"
"225",13,"17,1","17,1"
"225",14,"5,11","5,11"
"225",15,"13,14","13,14"
"225",16,"15,4","15,4"
"225",17,"8,9","8,9"
"225",18,"6,7","6,7"
"225",19,"10,2","10,2"
"225",20,"18,16","18,16"
"225",21,"5,12","5,12"
"225",22,"8,4","8,4"
"225",23,"13,14","13,14"
"225",24,"1,2","1,2"
"225",25,"17,15","17,15"
"225",26,"4,12","4,12"
"225",27,"9,6","9,6"
"225",28,"3,16","3,16"
"225",29,"10,11","10,11"
"225",30,"18,8","18,8"
"225",31,"1,13","1,13"
"225",32,"3,5","13,5"
"225",33,"4,2","4,2"
"225",34,"7,15","7,15"
"225",35,"9,16","9,16"
"225",36,"17,7","17,7"
"225",37,"10,6","10,6"
"225",38,"14,16","14,16"
"225",39,"12,7","12,7"
"225",40,"8,18","8,18"
"225",41,"5,13","5,13"
"225",42,"2,1","2,1"
"225",43,"17,7","17,7"
"225",44,"9,14","9,14"
"225",45,"6,16","6,16"
"225",46,"3,10","3,10"
"225",47,"11,15","11,15"
"225",48,"18,13","18,13"
"225",49,"1,11","1,11"
"225",50,"5,2","5,2"
"225",51,"17,14","17,14"
"225",52,"15,12","15,12"
"225",53,"9,4","9,4"
"225",54,"3,7","3,7"
"301",1,"11,9","11,9"
"301",2,"19,10","19,10"
"301",3,"21,4","21,4"
"301",4,"7,24","7,24"
"301",5,"14,8","14,8"
"301",6,"3,9","3,9"
"301",7,"11,3","11,3"
"301",8,"20,10","20,10"
"301",9,"14,17","14,17"
"301",10,"12,6","12,6"
"301",11,"23,22","23,22"
"301",12,"21,5","21,5"
"301",13,"16,7","16,7"
"301",14,"13,24","13,24"
"301",15,"17,5","17,5"
"301",16,"10,15","10,15"
"301",17,"22,24","22,24"
"301",18,"23,1","23,1"
"301",19,"3,19","3,19"
"301",20,"22,10","22,10"
"301",21,"20,11","20,11"
"301",22,"23,14","23,14"
"301",23,"2,13","2,13"
"301",24,"1,8","1,8"
"301",25,"20,18","20,18"
"301",26,"4,5","4,5"
"301",27,"9,6","9,6"
"301",28,"7,13","7,13"
"301",29,"16,14","16,14"
"301",30,"15,12","15,12"
"301",31,"4,3","4,3"
"301",32,"15,17","15,17"
"301",33,"2,19","2,19"
"301",34,"18,1","18,1"
"301",35,"15,21","15,21"
"301",36,"16,10","16,10"
"301",37,"19,13","19,13"
"301",38,"7,1","7,1"
"301",39,"17,11","17,11"
"301",40,"24,16","24,16"
"301",41,"4,15","4,15"
"301",42,"12,13","12,13"
"301",43,"2,7","2,7"
"301",44,"8,6","8,6"
"301",45,"23,18","23,18"
"301",46,"19,22","19,22"
"301",47,"24,21","24,21"
"301",48,"5,20","5,20"
"301",49,"9,14","9,14"
"301",50,"6,4","6,4"
"301",51,"18,9","18,9"
"301",52,"3,12","3,12"
"301",53,"8,22","8,22"
"301",54,"17,23","17,23"
"301",55,"11,21","11,21"
"301",56,"12,18","12,18"
"301",57,"2,1","2,1"
"301",58,"8,20","8,20"
"301",59,"16,6","16,6"
"301",60,"5,2","5,2"
"filt0E_3L",1,"1,7","1,7"
"filt0E_3L",2,"8,2","8,2"
"filt0E_3L",3,"9,3","9,3"
"filt0E_3L",4,"4,10","4,10"
"filt0E_3L",5,"11,5","11,5"
"filt0E_3L",6,"6,12","6,12"
"filt0E_3L",7,"1,7","1,7"
"filt0E_3L",8,"8,2","8,2"
"filt0E_3L",9,"9,3","9,3"
"filt0E_3L",10,"4,10","4,10"
"filt0E_3L",11,"11,5","11,5"
"filt0E_3L",12,"6,12","6,12"
"filt0E_3L",13,"1,7","1,7"
"filt0E_3L",14,"8,2","8,2"
"filt0E_3L",15,"9,3","9,3"
"filt0E_3L",16,"4,10","4,10"
"filt0E_3L",17,"11,5","11,5"
"filt0E_3L",18,"6,12","6,12"
"filt3E_3L",1,"1,2","1,2"
"filt3E_3L",2,"3,4","3,4"
"filt3E_3L",3,"5,6","5,6"
"filt3E_3L",4,"2,3","2,3"
"filt3E_3L",5,"4,1","4,1"
"filt3E_3L",6,"5,2","5,2"
"filt3E_3L",7,"1,6","1,6"
"filt3E_3L",8,"4,5","4,5"
"filt3E_3L",9,"3,6","3,6"
"filt3E_3L",10,"1,7","1,7"
"filt3E_3L",11,"8,2","8,2"
"filt3E_3L",12,"9,3","9,3"
"filt3E_3L",13,"4,10","4,10"
"filt3E_3L",14,"11,5","11,5"
"filt3E_3L",15,"6,12","6,12"
"filt3E_3L",16,"1,7","1,7"
"filt3E_3L",17,"8,2","8,2"
"filt3E_3L",18,"9,3","9,3"
"filt3E_3L",19,"4,10","4,10"
"filt3E_3L",20,"11,5","11,5"
"filt3E_3L",21,"6,12","6,12"
"filt3E_3L",22,"1,7","1,7"
"filt3E_3L",23,"8,2","8,2"
"filt3E_3L",24,"9,3","9,3"
"filt3E_3L",25,"4,10","4,10"
"filt3E_3L",26,"11,5","11,5"
"filt3E_3L",27,"6,12","6,12"
"filt6E_3L",1,"1,2","1,2"
"filt6E_3L",2,"3,4","3,4"
"filt6E_3L",3,"5,6","5,6"
"filt6E_3L",4,"2,3","2,3"
"filt6E_3L",5,"4,1","4,1"
"filt6E_3L",6,"5,2","5,2"
"filt6E_3L",7,"1,6","1,6"
"filt6E_3L",8,"4,5","4,5"
"filt6E_3L",9,"3,6","3,6"
"filt6E_3L",10,"1,2","1,2"
"filt6E_3L",11,"3,4","3,4"
"filt6E_3L",12,"5,6","5,6"
"filt6E_3L",13,"2,3","2,3"
"filt6E_3L",14,"4,1","4,1"
"filt6E_3L",15,"5,2","5,2"
"filt6E_3L",16,"1,6","1,6"
"filt6E_3L",17,"4,5","4,5"
"filt6E_3L",18,"3,6","3,6"
"filt6E_3L",19,"1,7","1,7"
"filt6E_3L",20,"8,2","8,2"
"filt6E_3L",21,"9,3","9,3"
"filt6E_3L",22,"4,10","4,10"
"filt6E_3L",23,"11,5","11,5"
"filt6E_3L",24,"6,12","6,12"
"filt6E_3L",25,"1,7","1,7"
"filt6E_3L",26,"8,2","8,2"
"filt6E_3L",27,"9,3","9,3"
"filt6E_3L",28,"4,10","4,10"
"filt6E_3L",29,"11,5","11,5"
"filt6E_3L",30,"6,12","6,12"
"filt6E_3L",31,"1,7","1,7"
"filt6E_3L",32,"8,2","8,2"
"filt6E_3L",33,"9,3","9,3"
"filt6E_3L",34,"4,10","4,10"
"filt6E_3L",35,"11,5","11,5"
"filt6E_3L",36,"6,12","6,12"
"filt9E_3L",1,"1,2","1,2"
"filt9E_3L",2,"3,4","3,4"
"filt9E_3L",3,"5,6","5,6"
"filt9E_3L",4,"2,3","2,3"
"filt9E_3L",5,"4,1","4,1"
"filt9E_3L",6,"5,2","5,2"
"filt9E_3L",7,"1,6","1,6"
"filt9E_3L",8,"4,5","4,5"
"filt9E_3L",9,"3,6","3,6"
"filt9E_3L",10,"1,2","1,2"
"filt9E_3L",11,"3,4","3,4"
"filt9E_3L",12,"5,6","5,6"
"filt9E_3L",13,"2,3","2,3"
"filt9E_3L",14,"4,1","4,1"
"filt9E_3L",15,"5,2","5,2"
"filt9E_3L",16,"1,6","1,6"
"filt9E_3L",17,"4,5","4,5"
"filt9E_3L",18,"3,6","3,6"
"filt9E_3L",19,"1,2","1,2"
"filt9E_3L",20,"3,4","3,4"
"filt9E_3L",21,"5,6","5,6"
"filt9E_3L",22,"2,3","2,3"
"filt9E_3L",23,"4,1","4,1"
"filt9E_3L",24,"5,2","5,2"
"filt9E_3L",25,"1,6","1,6"
"filt9E_3L",26,"4,5","4,5"
"filt9E_3L",27,"3,6","3,6"
"filt9E_3L",28,"1,7","1,7"
"filt9E_3L",29,"8,2","8,2"
"filt9E_3L",30,"9,3","9,3"
"filt9E_3L",31,"4,10","4,10"
"filt9E_3L",32,"11,5","11,5"
"filt9E_3L",33,"6,12","6,12"
"filt9E_3L",34,"1,7","1,7"
"filt9E_3L",35,"8,2","8,2"
"filt9E_3L",36,"9,3","9,3"
"filt9E_3L",37,"4,10","4,10"
"filt9E_3L",38,"11,5","11,5"
"filt9E_3L",39,"6,12","6,12"
"filt9E_3L",40,"1,7","1,7"
"filt9E_3L",41,"8,2","8,2"
"filt9E_3L",42,"9,3","9,3"
"filt9E_3L",43,"4,10","4,10"
"filt9E_3L",44,"11,5","11,5"
"filt9E_3L",45,"6,12","6,12"
"filt0E_6L",1,"1,7","1,7"
"filt0E_6L",2,"8,2","8,2"
"filt0E_6L",3,"9,3","9,3"
"filt0E_6L",4,"4,10","4,10"
"filt0E_6L",5,"11,5","11,5"
"filt0E_6L",6,"6,12","6,12"
"filt0E_6L",7,"1,7","1,7"
"filt0E_6L",8,"8,2","8,2"
"filt0E_6L",9,"9,3","9,3"
"filt0E_6L",10,"4,10","4,10"
"filt0E_6L",11,"11,5","11,5"
"filt0E_6L",12,"6,12","6,12"
"filt0E_6L",13,"1,7","1,7"
"filt0E_6L",14,"8,2","8,2"
"filt0E_6L",15,"9,3","9,3"
"filt0E_6L",16,"4,10","4,10"
"filt0E_6L",17,"11,5","11,5"
"filt0E_6L",18,"6,12","6,12"
"filt0E_6L",19,"1,7","1,7"
"filt0E_6L",20,"8,2","8,2"
"filt0E_6L",21,"9,3","9,3"
"filt0E_6L",22,"4,10","4,10"
"filt0E_6L",23,"11,5","11,5"
"filt0E_6L",24,"6,12","6,12"
"filt0E_6L",25,"1,7","1,7"
"filt0E_6L",26,"8,2","8,2"
"filt0E_6L",27,"9,3","9,3"
"filt0E_6L",28,"4,10","4,10"
"filt0E_6L",29,"11,5","11,5"
"filt0E_6L",30,"6,12","6,12"
"filt0E_6L",31,"1,7","1,7"
"filt0E_6L",32,"8,2","8,2"
"filt0E_6L",33,"9,3","9,3"
"filt0E_6L",34,"4,10","4,10"
"filt0E_6L",35,"11,5","11,5"
"filt0E_6L",36,"6,12","6,12"
"filt3E_6L",1,"1,2","1,2"
"filt3E_6L",2,"3,4","3,4"
"filt3E_6L",3,"5,6","5,6"
"filt3E_6L",4,"2,3","2,3"
"filt3E_6L",5,"4,1","4,1"
"filt3E_6L",6,"5,2","5,2"
"filt3E_6L",7,"1,6","1,6"
"filt3E_6L",8,"4,5","4,5"
"filt3E_6L",9,"3,6","3,6"
"filt3E_6L",10,"1,7","1,7"
"filt3E_6L",11,"8,2","8,2"
"filt3E_6L",12,"9,3","9,3"
"filt3E_6L",13,"4,10","4,10"
"filt3E_6L",14,"11,5","11,5"
"filt3E_6L",15,"6,12","6,12"
"filt3E_6L",16,"1,7","1,7"
"filt3E_6L",17,"8,2","8,2"
"filt3E_6L",18,"9,3","9,3"
"filt3E_6L",19,"4,10","4,10"
"filt3E_6L",20,"11,5","11,5"
"filt3E_6L",21,"6,12","6,12"
"filt3E_6L",22,"1,7","1,7"
"filt3E_6L",23,"8,2","8,2"
"filt3E_6L",24,"9,3","9,3"
"filt3E_6L",25,"4,10","4,10"
"filt3E_6L",26,"11,5","11,5"
"filt3E_6L",27,"6,12","6,12"
"filt3E_6L",28,"1,7","1,7"
"filt3E_6L",29,"8,2","8,2"
"filt3E_6L",30,"9,3","9,3"
"filt3E_6L",31,"4,10","4,10"
"filt3E_6L",32,"11,5","11,5"
"filt3E_6L",33,"6,12","6,12"
"filt3E_6L",34,"1,7","1,7"
"filt3E_6L",35,"8,2","8,2"
"filt3E_6L",36,"9,3","9,3"
"filt3E_6L",37,"4,10","4,10"
"filt3E_6L",38,"11,5","11,5"
"filt3E_6L",39,"6,12","6,12"
"filt3E_6L",40,"1,7","1,7"
"filt3E_6L",41,"8,2","8,2"
"filt3E_6L",42,"9,3","9,3"
"filt3E_6L",43,"4,10","4,10"
"filt3E_6L",44,"11,5","11,5"
"filt3E_6L",45,"6,12","6,12"
"filt6E_6L",1,"1,2","1,2"
"filt6E_6L",2,"3,4","3,4"
"filt6E_6L",3,"5,6","5,6"
"filt6E_6L",4,"2,3","2,3"
"filt6E_6L",5,"4,1","4,1"
"filt6E_6L",6,"5,2","5,2"
"filt6E_6L",7,"1,6","1,6"
"filt6E_6L",8,"4,5","4,5"
"filt6E_6L",9,"3,6","3,6"
"filt6E_6L",10,"1,2","1,2"
"filt6E_6L",11,"3,4","3,4"
"filt6E_6L",12,"5,6","5,6"
"filt6E_6L",13,"2,3","2,3"
"filt6E_6L",14,"4,1","4,1"
"filt6E_6L",15,"5,2","5,2"
"filt6E_6L",16,"1,6","1,6"
"filt6E_6L",17,"4,5","4,5"
"filt6E_6L",18,"3,6","3,6"
"filt6E_6L",19,"1,7","1,7"
"filt6E_6L",20,"8,2","8,2"
"filt6E_6L",21,"9,3","9,3"
"filt6E_6L",22,"4,10","4,10"
"filt6E_6L",23,"11,5","11,5"
"filt6E_6L",24,"6,12","6,12"
"filt6E_6L",25,"1,7","1,7"
"filt6E_6L",26,"8,2","8,2"
"filt6E_6L",27,"9,3","9,3"
"filt6E_6L",28,"4,10","4,10"
"filt6E_6L",29,"11,5","11,5"
"filt6E_6L",30,"6,12","6,12"
"filt6E_6L",31,"1,7","1,7"
"filt6E_6L",32,"8,2","8,2"
"filt6E_6L",33,"9,3","9,3"
"filt6E_6L",34,"4,10","4,10"
"filt6E_6L",35,"11,5","11,5"
"filt6E_6L",36,"6,12","6,12"
"filt6E_6L",37,"1,7","1,7"
"filt6E_6L",38,"8,2","8,2"
"filt6E_6L",39,"9,3","9,3"
"filt6E_6L",40,"4,10","4,10"
"filt6E_6L",41,"11,5","11,5"
"filt6E_6L",42,"6,12","6,12"
"filt6E_6L",43,"1,7","1,7"
"filt6E_6L",44,"8,2","8,2"
"filt6E_6L",45,"9,3","9,3"
"filt6E_6L",46,"4,10","4,10"
"filt6E_6L",47,"11,5","11,5"
"filt6E_6L",48,"6,12","6,12"
"filt6E_6L",49,"1,7","1,7"
"filt6E_6L",50,"8,2","8,2"
"filt6E_6L",51,"9,3","9,3"
"filt6E_6L",52,"4,10","4,10"
"filt6E_6L",53,"11,5","11,5"
"filt6E_6L",54,"6,12","6,12"
"filt9E_6L",1,"1,2","1,2"
"filt9E_6L",2,"3,4","3,4"
"filt9E_6L",3,"5,6","5,6"
"filt9E_6L",4,"2,3","2,3"
"filt9E_6L",5,"4,1","4,1"
"filt9E_6L",6,"5,2","5,2"
"filt9E_6L",7,"1,6","1,6"
"filt9E_6L",8,"4,5","4,5"
"filt9E_6L",9,"3,6","3,6"
"filt9E_6L",10,"1,2","1,2"
"filt9E_6L",11,"3,4","3,4"
"filt9E_6L",12,"5,6","5,6"
"filt9E_6L",13,"2,3","2,3"
"filt9E_6L",14,"4,1","4,1"
"filt9E_6L",15,"5,2","5,2"
"filt9E_6L",16,"1,6","1,6"
"filt9E_6L",17,"4,5","4,5"
"filt9E_6L",18,"3,6","3,6"
"filt9E_6L",19,"1,2","1,2"
"filt9E_6L",20,"3,4","3,4"
"filt9E_6L",21,"5,6","5,6"
"filt9E_6L",22,"2,3","2,3"
"filt9E_6L",23,"4,1","4,1"
"filt9E_6L",24,"5,2","5,2"
"filt9E_6L",25,"1,6","1,6"
"filt9E_6L",26,"4,5","4,5"
"filt9E_6L",27,"3,6","3,6"
"filt9E_6L",28,"1,7","1,7"
"filt9E_6L",29,"8,2","8,2"
"filt9E_6L",30,"9,3","9,3"
"filt9E_6L",31,"4,10","4,10"
"filt9E_6L",32,"11,5","11,5"
"filt9E_6L",33,"6,12","6,12"
"filt9E_6L",34,"1,7","1,7"
"filt9E_6L",35,"8,2","8,2"
"filt9E_6L",36,"9,3","9,3"
"filt9E_6L",37,"4,10","4,10"
"filt9E_6L",38,"11,5","11,5"
"filt9E_6L",39,"6,12","6,12"
"filt9E_6L",40,"1,7","1,7"
"filt9E_6L",41,"8,2","8,2"
"filt9E_6L",42,"9,3","9,3"
"filt9E_6L",43,"4,10","4,10"
"filt9E_6L",44,"11,5","11,5"
"filt9E_6L",45,"6,12","6,12"
"filt9E_6L",46,"1,7","1,7"
"filt9E_6L",47,"8,2","8,2"
"filt9E_6L",48,"9,3","9,3"
"filt9E_6L",49,"4,10","4,10"
"filt9E_6L",50,"11,5","11,5"
"filt9E_6L",51,"6,12","6,12"
"filt9E_6L",52,"1,7","1,7"
"filt9E_6L",53,"8,2","8,2"
"filt9E_6L",54,"9,3","9,3"
"filt9E_6L",55,"4,10","4,10"
"filt9E_6L",56,"11,5","11,5"
"filt9E_6L",57,"6,12","6,12"
"filt9E_6L",58,"1,7","1,7"
"filt9E_6L",59,"8,2","8,2"
"filt9E_6L",60,"9,3","9,3"
"filt9E_6L",61,"4,10","4,10"
"filt9E_6L",62,"11,5","11,5"
"filt9E_6L",63,"6,12","6,12"
"filt0E_9L",1,"1,7","1,7"
"filt0E_9L",2,"8,2","8,2"
"filt0E_9L",3,"9,3","9,3"
"filt0E_9L",4,"4,10","4,10"
"filt0E_9L",5,"11,5","11,5"
"filt0E_9L",6,"6,12","6,12"
"filt0E_9L",7,"1,7","1,7"
"filt0E_9L",8,"8,2","8,2"
"filt0E_9L",9,"9,3","9,3"
"filt0E_9L",10,"4,10","4,10"
"filt0E_9L",11,"11,5","11,5"
"filt0E_9L",12,"6,12","6,12"
"filt0E_9L",13,"1,7","1,7"
"filt0E_9L",14,"8,2","8,2"
"filt0E_9L",15,"9,3","9,3"
"filt0E_9L",16,"4,10","4,10"
"filt0E_9L",17,"11,5","11,5"
"filt0E_9L",18,"6,12","6,12"
"filt0E_9L",19,"1,7","1,7"
"filt0E_9L",20,"8,2","8,2"
"filt0E_9L",21,"9,3","9,3"
"filt0E_9L",22,"4,10","4,10"
"filt0E_9L",23,"11,5","11,5"
"filt0E_9L",24,"6,12","6,12"
"filt0E_9L",25,"1,7","1,7"
"filt0E_9L",26,"8,2","8,2"
"filt0E_9L",27,"9,3","9,3"
"filt0E_9L",28,"4,10","4,10"
"filt0E_9L",29,"11,5","11,5"
"filt0E_9L",30,"6,12","6,12"
"filt0E_9L",31,"1,7","1,7"
"filt0E_9L",32,"8,2","8,2"
"filt0E_9L",33,"9,3","9,3"
"filt0E_9L",34,"4,10","4,10"
"filt0E_9L",35,"11,5","11,5"
"filt0E_9L",36,"6,12","6,12"
"filt0E_9L",37,"1,7","1,7"
"filt0E_9L",38,"8,2","8,2"
"filt0E_9L",39,"9,3","9,3"
"filt0E_9L",40,"4,10","4,10"
"filt0E_9L",41,"11,5","11,5"
"filt0E_9L",42,"6,12","6,12"
"filt0E_9L",43,"1,7","1,7"
"filt0E_9L",44,"8,2","8,2"
"filt0E_9L",45,"9,3","9,3"
"filt0E_9L",46,"4,10","4,10"
"filt0E_9L",47,"11,5","11,5"
"filt0E_9L",48,"6,12","6,12"
"filt0E_9L",49,"1,7","1,7"
"filt0E_9L",50,"8,2","8,2"
"filt0E_9L",51,"9,3","9,3"
"filt0E_9L",52,"4,10","4,10"
"filt0E_9L",53,"11,5","11,5"
"filt0E_9L",54,"6,12","6,12"
"filt3E_9L",1,"1,2","1,2"
"filt3E_9L",2,"3,4","3,4"
"filt3E_9L",3,"5,6","5,6"
"filt3E_9L",4,"2,3","2,3"
"filt3E_9L",5,"4,1","4,1"
"filt3E_9L",6,"5,2","5,2"
"filt3E_9L",7,"1,6","1,6"
"filt3E_9L",8,"4,5","4,5"
"filt3E_9L",9,"3,6","3,6"
"filt3E_9L",10,"1,7","1,7"
"filt3E_9L",11,"8,2","8,2"
"filt3E_9L",12,"9,3","9,3"
"filt3E_9L",13,"4,10","4,10"
"filt3E_9L",14,"11,5","11,5"
"filt3E_9L",15,"6,12","6,12"
"filt3E_9L",16,"1,7","1,7"
"filt3E_9L",17,"8,2","8,2"
"filt3E_9L",18,"9,3","9,3"
"filt3E_9L",19,"4,10","4,10"
"filt3E_9L",20,"11,5","11,5"
"filt3E_9L",21,"6,12","6,12"
"filt3E_9L",22,"1,7","1,7"
"filt3E_9L",23,"8,2","8,2"
"filt3E_9L",24,"9,3","9,3"
"filt3E_9L",25,"4,10","4,10"
"filt3E_9L",26,"11,5","11,5"
"filt3E_9L",27,"6,12","6,12"
"filt3E_9L",28,"1,7","1,7"
"filt3E_9L",29,"8,2","8,2"
"filt3E_9L",30,"9,3","9,3"
"filt3E_9L",31,"4,10","4,10"
"filt3E_9L",32,"11,5","11,5"
"filt3E_9L",33,"6,12","6,12"
"filt3E_9L",34,"1,7","1,7"
"filt3E_9L",35,"8,2","8,2"
"filt3E_9L",36,"9,3","9,3"
"filt3E_9L",37,"4,10","4,10"
"filt3E_9L",38,"11,5","11,5"
"filt3E_9L",39,"6,12","6,12"
"filt3E_9L",40,"1,7","1,7"
"filt3E_9L",41,"8,2","8,2"
"filt3E_9L",42,"9,3","9,3"
"filt3E_9L",43,"4,10","4,10"
"filt3E_9L",44,"11,5","11,5"
"filt3E_9L",45,"6,12","6,12"
"filt3E_9L",46,"1,7","1,7"
"filt3E_9L",47,"8,2","8,2"
"filt3E_9L",48,"9,3","9,3"
"filt3E_9L",49,"4,10","4,10"
"filt3E_9L",50,"11,5","11,5"
"filt3E_9L",51,"6,12","6,12"
"filt3E_9L",52,"1,7","1,7"
"filt3E_9L",53,"8,2","8,2"
"filt3E_9L",54,"9,3","9,3"
"filt3E_9L",55,"4,10","4,10"
"filt3E_9L",56,"11,5","11,5"
"filt3E_9L",57,"6,12","6,12"
"filt3E_9L",58,"1,7","1,7"
"filt3E_9L",59,"8,2","8,2"
"filt3E_9L",60,"9,3","9,3"
"filt3E_9L",61,"4,10","4,10"
"filt3E_9L",62,"11,5","11,5"
"filt3E_9L",63,"6,12","6,12"
"filt6E_9L",1,"1,2","1,2"
"filt6E_9L",2,"3,4","3,4"
"filt6E_9L",3,"5,6","5,6"
"filt6E_9L",4,"2,3","2,3"
"filt6E_9L",5,"4,1","4,1"
"filt6E_9L",6,"5,2","5,2"
"filt6E_9L",7,"1,6","1,6"
"filt6E_9L",8,"4,5","4,5"
"filt6E_9L",9,"3,6","3,6"
"filt6E_9L",10,"1,2","1,2"
"filt6E_9L",11,"3,4","3,4"
"filt6E_9L",12,"5,6","5,6"
"filt6E_9L",13,"2,3","2,3"
"filt6E_9L",14,"4,1","4,1"
"filt6E_9L",15,"5,2","5,2"
"filt6E_9L",16,"1,6","1,6"
"filt6E_9L",17,"4,5","4,5"
"filt6E_9L",18,"3,6","3,6"
"filt6E_9L",19,"1,7","1,7"
"filt6E_9L",20,"8,2","8,2"
"filt6E_9L",21,"9,3","9,3"
"filt6E_9L",22,"4,10","4,10"
"filt6E_9L",23,"11,5","11,5"
"filt6E_9L",24,"6,12","6,12"
"filt6E_9L",25,"1,7","1,7"
"filt6E_9L",26,"8,2","8,2"
"filt6E_9L",27,"9,3","9,3"
"filt6E_9L",28,"4,10","4,10"
"filt6E_9L",29,"11,5","11,5"
"filt6E_9L",30,"6,12","6,12"
"filt6E_9L",31,"1,7","1,7"
"filt6E_9L",32,"8,2","8,2"
"filt6E_9L",33,"9,3","9,3"
"filt6E_9L",34,"4,10","4,10"
"filt6E_9L",35,"11,5","11,5"
"filt6E_9L",36,"6,12","6,12"
"filt6E_9L",37,"1,7","1,7"
"filt6E_9L",38,"8,2","8,2"
"filt6E_9L",39,"9,3","9,3"
"filt6E_9L",40,"4,10","4,10"
"filt6E_9L",41,"11,5","11,5"
"filt6E_9L",42,"6,12","6,12"
"filt6E_9L",43,"1,7","1,7"
"filt6E_9L",44,"8,2","8,2"
"filt6E_9L",45,"9,3","9,3"
"filt6E_9L",46,"4,10","4,10"
"filt6E_9L",47,"11,5","11,5"
"filt6E_9L",48,"6,12","6,12"
"filt6E_9L",49,"1,7","1,7"
"filt6E_9L",50,"8,2","8,2"
"filt6E_9L",51,"9,3","9,3"
"filt6E_9L",52,"4,10","4,10"
"filt6E_9L",53,"11,5","11,5"
"filt6E_9L",54,"6,12","6,12"
"filt6E_9L",55,"1,7","1,7"
"filt6E_9L",56,"8,2","8,2"
"filt6E_9L",57,"9,3","9,3"
"filt6E_9L",58,"4,10","4,10"
"filt6E_9L",59,"11,5","11,5"
"filt6E_9L",60,"6,12","6,12"
"filt6E_9L",61,"1,7","1,7"
"filt6E_9L",62,"8,2","8,2"
"filt6E_9L",63,"9,3","9,3"
"filt6E_9L",64,"4,10","4,10"
"filt6E_9L",65,"11,5","11,5"
"filt6E_9L",66,"6,12","6,12"
"filt6E_9L",67,"1,7","1,7"
"filt6E_9L",68,"8,2","8,2"
"filt6E_9L",69,"9,3","9,3"
"filt6E_9L",70,"4,10","4,10"
"filt6E_9L",71,"11,5","11,5"
"filt6E_9L",72,"6,12","6,12"
"filt9E_9L",1,"1,2","1,2"
"filt9E_9L",2,"3,4","3,4"
"filt9E_9L",3,"5,6","5,6"
"filt9E_9L",4,"2,3","2,3"
"filt9E_9L",5,"4,1","4,1"
"filt9E_9L",6,"5,2","5,2"
"filt9E_9L",7,"1,6","1,6"
"filt9E_9L",8,"4,5","4,5"
"filt9E_9L",9,"3,6","3,6"
"filt9E_9L",10,"1,2","1,2"
"filt9E_9L",11,"3,4","3,4"
"filt9E_9L",12,"5,6","5,6"
"filt9E_9L",13,"2,3","2,3"
"filt9E_9L",14,"4,1","4,1"
"filt9E_9L",15,"5,2","5,2"
"filt9E_9L",16,"1,6","1,6"
"filt9E_9L",17,"4,5","4,5"
"filt9E_9L",18,"3,6","3,6"
"filt9E_9L",19,"1,2","1,2"
"filt9E_9L",20,"3,4","3,4"
"filt9E_9L",21,"5,6","5,6"
"filt9E_9L",22,"2,3","2,3"
"filt9E_9L",23,"4,1","4,1"
"filt9E_9L",24,"5,2","5,2"
"filt9E_9L",25,"1,6","1,6"
"filt9E_9L",26,"4,5","4,5"
"filt9E_9L",27,"3,6","3,6"
"filt9E_9L",28,"1,7","1,7"
"filt9E_9L",29,"8,2","8,2"
"filt9E_9L",30,"9,3","9,3"
"filt9E_9L",31,"4,10","4,10"
"filt9E_9L",32,"11,5","11,5"
"filt9E_9L",33,"6,12","6,12"
"filt9E_9L",34,"1,7","1,7"
"filt9E_9L",35,"8,2","8,2"
"filt9E_9L",36,"9,3","9,3"
"filt9E_9L",37,"4,10","4,10"
"filt9E_9L",38,"11,5","11,5"
"filt9E_9L",39,"6,12","6,12"
"filt9E_9L",40,"1,7","1,7"
"filt9E_9L",41,"8,2","8,2"
"filt9E_9L",42,"9,3","9,3"
"filt9E_9L",43,"4,10","4,10"
"filt9E_9L",44,"11,5","11,5"
"filt9E_9L",45,"6,12","6,12"
"filt9E_9L",46,"1,7","1,7"
"filt9E_9L",47,"8,2","8,2"
"filt9E_9L",48,"9,3","9,3"
"filt9E_9L",49,"4,10","4,10"
"filt9E_9L",50,"11,5","11,5"
"filt9E_9L",51,"6,12","6,12"
"filt9E_9L",52,"1,7","1,7"
"filt9E_9L",53,"8,2","8,2"
"filt9E_9L",54,"9,3","9,3"
"filt9E_9L",55,"4,10","4,10"
"filt9E_9L",56,"11,5","11,5"
"filt9E_9L",57,"6,12","6,12"
"filt9E_9L",58,"1,7","1,7"
"filt9E_9L",59,"8,2","8,2"
"filt9E_9L",60,"9,3","9,3"
"filt9E_9L",61,"4,10","4,10"
"filt9E_9L",62,"11,5","11,5"
"filt9E_9L",63,"6,12","6,12"
"filt9E_9L",64,"1,7","1,7"
"filt9E_9L",65,"8,2","8,2"
"filt9E_9L",66,"9,3","9,3"
"filt9E_9L",67,"4,10","4,10"
"filt9E_9L",68,"11,5","11,5"
"filt9E_9L",69,"6,12","6,12"
"filt9E_9L",70,"1,7","1,7"
"filt9E_9L",71,"8,2","8,2"
"filt9E_9L",72,"9,3","9,3"
"filt9E_9L",73,"4,10","4,10"
"filt9E_9L",74,"11,5","11,5"
"filt9E_9L",75,"6,12","6,12"
"filt9E_9L",76,"1,7","1,7"
"filt9E_9L",77,"8,2","8,2"
"filt9E_9L",78,"9,3","9,3"
"filt9E_9L",79,"4,10","4,10"
"filt9E_9L",80,"11,5","11,5"
"filt9E_9L",81,"6,12","6,12"
"2_x8_39_4x4",1,"11,1,6,3","11,1,6,3"
"2_x8_39_4x4",2,"4,9,5,15","4,9,5,15"
"2_x8_39_4x4",3,"2,13,12,18","2,13,12,18"
"2_x8_39_4x4",4,"5,4,8,3","5,4,8,3"
"2_x8_39_4x4",5,"2,18,1,17","2,18,1,17"
"2_x8_39_4x4",6,"8,3,12,7","8,3,12,7"
"2_x8_39_4x4",7,"18,2,5,6","18,2,5,6"
"2_x8_39_4x4",8,"13,1,7,4","13,1,7,4"
"2_x8_39_4x4",9,"2,5,6,15","2,5,6,15"
"2_x8_39_4x4",10,"9,8,1,3","9,8,1,3"
"2_x8_39_4x4",11,"5,14,12,17","5,14,12,17"
"2_x8_39_4x4",12,"9,1,4,10","9,1,4,10"
"2_x8_39_4x4",13,"5,8,16,14","5,8,16,14"
"2_x8_39_4x4",14,"9,3,6,4","9,3,6,4"
"2_x8_39_4x4",15,"8,7,15,2","8,7,15,2"
"2_x8_39_4x4",16,"9,1,5,10","9,1,5,10"
"2_x8_39_4x4",17,"7,4,6,17","7,4,6,17"
"2_x8_39_4x4",18,"9,8,10,1","9,8,10,1"
"2_x8_39_4x4",19,"7,6,2,16","7,6,2,16"
"2_x8_39_4x4",20,"8,9,3,4","8,9,3,4"
"2_x8_39_4x4",21,"7,5,13,6","7,5,13,6"
"2_x8_39_4x4",22,"8,4,9,1","8,4,9,1"
"2_x8_39_4x4",23,"7,2,3,14","7,2,3,14"
"2_x8_39_4x4",24,"1,6,11,4","1,6,11,4"
"2_x8_39_4x4",25,"7,3,2,9","7,3,2,9"
"2_x8_39_4x4",26,"11,5,16,6","11,5,16,6"
"2_x8_39_4x4",27,"7,2,3,8","7,2,3,8"
"3_x8_369_4x4",1,"18,6,12,8","18,6,12,8"
"3_x8_369_4x4",2,"16,4,9,3","16,4,9,3"
"3_x8_369_4x4",3,"18,8,14,7","18,8,14,7"
"3_x8_369_4x4",4,"13,3,12,10","13,3,12,10"
"3_x8_369_4x4",5,"8,14,17,15","8,14,17,15"
"3_x8_369_4x4",6,"10,3,13,9","10,3,13,9"
"3_x8_369_4x4",7,"14,17,11,5","14,17,11,5"
"3_x8_369_4x4",8,"9,8,16,10","9,8,16,10"
"3_x8_369_4x4",9,"14,11,5,17","14,11,5,17"
"3_x8_369_4x4",10,"15,9,4,1","15,9,4,1"
"3_x8_369_4x4",11,"14,17,18,12","14,17,18,12"
"3_x8_369_4x4",12,"10,16,11,13","10,16,11,13"
"3_x8_369_4x4",13,"14,17,12,2","14,17,12,2"
"3_x8_369_4x4",14,"16,13,15,11","16,13,15,11"
"3_x8_369_4x4",15,"17,14,18,7","17,14,18,7"
"3_x8_369_4x4",16,"13,16,1,15","13,16,1,15"
"3_x8_369_4x4",17,"11,4,18,10","11,4,18,10"
"3_x8_369_4x4",18,"13,9,6,7","13,9,6,7"
"3_x8_369_4x4",19,"12,10,15,17","12,10,15,17"
"3_x8_369_4x4",20,"2,18,16,8","2,18,16,8"
"3_x8_369_4x4",21,"15,17,13,9","15,17,13,9"
"3_x8_369_4x4",22,"18,7,2,16","18,7,2,16"
"3_x8_369_4x4",23,"15,17,1,11","15,17,1,11"
"3_x8_369_4x4",24,"16,18,14,13","16,18,14,13"
"3_x8_369_4x4",25,"15,7,6,8","15,7,6,8"
"3_x8_369_4x4",26,"14,18,13,12","14,18,13,12"
"3_x8_369_4x4",27,"5,7,15,16","5,7,15,16"
"freq369-3x3loCD",1,"13,14,15","13,14,15"
"freq369-3x3loCD",2,"16,17,18","16,17,18"
"freq369-3x3loCD",3,"7,8,9","7,8,9"
"freq369-3x3loCD",4,"1,2,3","1,2,3"
"freq369-3x3loCD",5,"13,18,17","13,18,17"
"freq369-3x3loCD",6,"10,11,12","10,11,12"
"freq369-3x3loCD",7,"17,16,14","17,16,14"
"freq369-3x3loCD",8,"13,14,18","13,14,18"
"freq369-3x3loCD",9,"7,12,11","7,12,11"
"freq369-3x3loCD",10,"4,5,6","4,5,6"
"freq369-3x3loCD",11,"16,17,15","16,17,15"
"freq369-3x3loCD",12,"7,8,12","7,8,12"
"freq369-3x3loCD",13,"13,17,15","13,17,15"
"freq369-3x3loCD",14,"10,11,9","10,11,9"
"freq369-3x3loCD",15,"1,5,3","1,5,3"
"freq369-3x3loCD",16,"14,16,18","14,16,18"
"freq369-3x3loCD",17,"7,11,9","7,11,9"
"freq369-3x3loCD",18,"14,15,16","14,15,16"
"freq369-3x3loCD",19,"8,10,12","8,10,12"
"freq369-3x3loCD",20,"2,4,6","2,4,6"
"freq369-3x3loCD",21,"15,16,17","15,16,17"
"freq369-3x3loCD",22,"14,13,18","14,13,18"
"freq369-3x3loCD",23,"8,9,10","8,9,10"
"freq369-3x3loCD",24,"14,15,16","14,15,16"
"freq369-3x3loCD",25,"3,4,5","3,4,5"
"freq369-3x3loCD",26,"18,17,13","18,17,13"
"freq369-3x3loCD",27,"9,10,11","9,10,11"
"freq369-3x3loCD",28,"15,13,18","15,13,18"
"freq369-3x3loCD",29,"8,7,12","8,7,12"
"freq369-3x3loCD",30,"17,16,14","17,16,14"
"freq369-3x3loCD",31,"2,1,6","2,1,6"
"freq369-3x3loCD",32,"18,15,16","18,15,16"
"freq369-3x3loCD",33,"8,9,10","8,9,10"
"freq369-3x3loCD",34,"17,14,13","17,14,13"
"freq369-3x3loCD",35,"12,11,7","12,11,7"
"freq369-3x3loCD",36,"15,13,18","15,13,18"
"freq369-3x3hiCD",1,"4,7,16","4,7,16"
"freq369-3x3hiCD",2,"12,11,1","12,11,1"
"freq369-3x3hiCD",3,"13,16,5","13,16,5"
"freq369-3x3hiCD",4,"11,15,18","11,15,18"
"freq369-3x3hiCD",5,"9,13,3","9,13,3"
"freq369-3x3hiCD",6,"18,17,15","18,17,15"
"freq369-3x3hiCD",7,"13,10,16","13,10,16"
"freq369-3x3hiCD",8,"18,6,8","18,6,8"
"freq369-3x3hiCD",9,"9,14,5","9,14,5"
"freq369-3x3hiCD",10,"18,2,16","18,2,16"
"freq369-3x3hiCD",11,"13,5,17","13,5,17"
"freq369-3x3hiCD",12,"14,3,8","14,3,8"
"freq369-3x3hiCD",13,"13,17,11","13,17,11"
"freq369-3x3hiCD",14,"14,12,15","14,12,15"
"freq369-3x3hiCD",15,"13,4,16","13,4,16"
"freq369-3x3hiCD",16,"14,15,12","14,15,12"
"freq369-3x3hiCD",17,"18,10,7","18,10,7"
"freq369-3x3hiCD",18,"14,12,15","14,12,15"
"freq369-3x3hiCD",19,"18,2,3","18,2,3"
"freq369-3x3hiCD",20,"14,16,10","14,16,10"
"freq369-3x3hiCD",21,"18,7,11","18,7,11"
"freq369-3x3hiCD",22,"14,8,17","14,8,17"
"freq369-3x3hiCD",23,"18,7,9","18,7,9"
"freq369-3x3hiCD",24,"14,17,8","14,17,8"
"freq369-3x3hiCD",25,"7,18,15","7,18,15"
"freq369-3x3hiCD",26,"17,11,13","17,11,13"
"freq369-3x3hiCD",27,"15,7,12","15,7,12"
"freq369-3x3hiCD",28,"17,16,14","17,16,14"
"freq369-3x3hiCD",29,"6,10,11","6,10,11"
"freq369-3x3hiCD",30,"17,12,16","17,12,16"
"freq369-3x3hiCD",31,"10,6,15","10,6,15"
"freq369-3x3hiCD",32,"16,17,9","16,17,9"
"freq369-3x3hiCD",33,"10,8,15","10,8,15"
"freq369-3x3hiCD",34,"13,1,9","13,1,9"
"freq369-3x3hiCD",35,"2,4,8","2,4,8"
"freq369-3x3hiCD",36,"13,9,1","13,9,1"
"freq369_36mx",1,"13,14,15","13,14,15"
"freq369_36mx",2,"16,17,18","16,17,18"
"freq369_36mx",3,"7,2,9","7,2,9"
"freq369_36mx",4,"1,8,3","1,8,3"
"freq369_36mx",5,"13,18,17","13,18,17"
"freq369_36mx",6,"10,11,12","10,11,12"
"freq369_36mx",7,"17,16,14","17,16,14"
"freq369_36mx",8,"13,14,18","13,14,18"
"freq369_36mx",9,"4,5,11","4,5,11"
"freq369_36mx",10,"7,12,6","7,12,6"
"freq369_36mx",11,"16,17,15","16,17,15"
"freq369_36mx",12,"7,8,12","7,8,12"
"freq369_36mx",13,"13,17,15","13,17,15"
"freq369_36mx",14,"10,11,9","10,11,9"
"freq369_36mx",15,"7,5,3","7,5,3"
"freq369_36mx",16,"14,16,18","14,16,18"
"freq369_36mx",17,"1,11,9","1,11,9"
"freq369_36mx",18,"14,15,16","14,15,16"
"freq369_36mx",19,"8,10,12","8,10,12"
"freq369_36mx",20,"2,4,6","2,4,6"
"freq369_36mx",21,"15,16,17","15,16,17"
"freq369_36mx",22,"14,13,18","14,13,18"
"freq369_36mx",23,"8,9,10","8,9,10"
"freq369_36mx",24,"14,15,16","14,15,16"
"freq369_36mx",25,"3,4,11","3,4,11"
"freq369_36mx",26,"18,17,13","18,17,13"
"freq369_36mx",27,"9,10,5","9,10,5"
"freq369_36mx",28,"15,13,18","15,13,18"
"freq369_36mx",29,"8,6,12","8,6,12"
"freq369_36mx",30,"17,16,14","17,16,14"
"freq369_36mx",31,"10,1,7","10,1,7"
"freq369_36mx",32,"18,15,16","18,15,16"
"freq369_36mx",33,"8,9,2","8,9,2"
"freq369_36mx",34,"17,14,13","17,14,13"
"freq369_36mx",35,"12,11,7","12,11,7"
"freq369_36mx",36,"15,13,18","15,13,18"
"freq369_39mx",1,"13,14,15","13,14,15"
"freq369_39mx",2,"16,17,18","16,17,18"
"freq369_39mx",3,"7,8,9","7,8,9"
"freq369_39mx",4,"18,1,2","18,1,2"
"freq369_39mx",5,"13,3,17","13,3,17"
"freq369_39mx",6,"10,11,12","10,11,12"
"freq369_39mx",7,"17,16,14","17,16,14"
"freq369_39mx",8,"13,3,18","13,3,18"
"freq369_39mx",9,"7,12,11","7,12,11"
"freq369_39mx",10,"14,5,6","14,5,6"
"freq369_39mx",11,"16,17,15","16,17,15"
"freq369_39mx",12,"7,8,12","7,8,12"
"freq369_39mx",13,"13,17,15","13,17,15"
"freq369_39mx",14,"10,11,9","10,11,9"
"freq369_39mx",15,"1,18,4","1,18,4"
"freq369_39mx",16,"14,16,5","14,16,5"
"freq369_39mx",17,"7,11,9","7,11,9"
"freq369_39mx",18,"14,15,16","14,15,16"
"freq369_39mx",19,"8,10,12","8,10,12"
"freq369_39mx",20,"2,4,16","2,4,16"
"freq369_39mx",21,"15,6,17","15,6,17"
"freq369_39mx",22,"14,13,18","14,13,18"
"freq369_39mx",23,"8,9,10","8,9,10"
"freq369_39mx",24,"14,15,5","14,15,5"
"freq369_39mx",25,"18,4,16","18,4,16"
"freq369_39mx",26,"17,3,13","17,3,13"
"freq369_39mx",27,"9,10,11","9,10,11"
"freq369_39mx",28,"15,13,18","15,13,18"
"freq369_39mx",29,"8,7,12","8,7,12"
"freq369_39mx",30,"17,16,14","17,16,14"
"freq369_39mx",31,"2,13,6","2,13,6"
"freq369_39mx",32,"18,15,16","18,15,16"
"freq369_39mx",33,"8,9,10","8,9,10"
"freq369_39mx",34,"17,14,13","17,14,13"
"freq369_39mx",35,"12,11,7","12,11,7"
"freq369_39mx",36,"15,1,18","15,1,18"
"orig_4x4",1,"18,6,9,2","18,6,9,2"
"orig_4x4",2,"10,16,3,4","10,16,3,4"
"orig_4x4",3,"1,15,13,7","1,15,13,7"
"orig_4x4",4,"5,17,12,14","5,17,12,14"
"orig_4x4",5,"7,8,10,9","7,8,10,9"
"orig_4x4",6,"11,14,3,18","11,14,3,18"
"orig_4x4",7,"17,16,12,15","17,16,12,15"
"orig_4x4",8,"13,2,6,10","13,2,6,10"
"orig_4x4",9,"7,5,8,4","7,5,8,4"
"orig_4x4",10,"9,2,1,13","9,2,1,13"
"orig_4x4",11,"18,11,14,16","18,11,14,16"
"orig_4x4",12,"3,5,17,10","3,5,17,10"
"orig_4x4",13,"11,8,12,13","11,8,12,13"
"orig_4x4",14,"6,14,16,15","6,14,16,15"
"orig_4x4",15,"3,12,7,1","3,12,7,1"
"orig_4x4",16,"11,2,9,17","11,2,9,17"
"orig_4x4",17,"18,5,16,4","18,5,16,4"
"orig_4x4",18,"12,3,14,1","12,3,14,1"
"orig_4x4",19,"7,6,15,18","7,6,15,18"
"orig_4x4",20,"11,16,13,2","11,16,13,2"
"orig_4x4",21,"4,15,5,8","4,15,5,8"
"orig_4x4",22,"10,9,1,17","10,9,1,17"
"orig_4x4",23,"3,12,6,18","3,12,6,18"
"orig_4x4",24,"13,4,2,8","13,4,2,8"
"orig_4x4",25,"5,9,1,14","5,9,1,14"
"orig_4x4",26,"8,7,10,17","8,7,10,17"
"orig_4x4",27,"6,4,15,11","6,4,15,11"
"orig_3x3",1,"5,12,1","5,12,1"
"orig_3x3",2,"15,8,14","15,8,14"
"orig_3x3",3,"16,2,11","16,2,11"
"orig_3x3",4,"1,4,3","1,4,3"
"orig_3x3",5,"10,6,9","10,6,9"
"orig_3x3",6,"17,18,7","17,18,7"
"orig_3x3",7,"13,10,12","13,10,12"
"orig_3x3",8,"2,4,17","2,4,17"
"orig_3x3",9,"9,5,6","9,5,6"
"orig_3x3",10,"3,15,18","3,15,18"
"orig_3x3",11,"11,13,1","11,13,1"
"orig_3x3",12,"12,7,8","12,7,8"
"orig_3x3",13,"4,14,16","4,14,16"
"orig_3x3",14,"18,2,3","18,2,3"
"orig_3x3",15,"8,9,5","8,9,5"
"orig_3x3",16,"7,12,11","7,12,11"
"orig_3x3",17,"6,10,13","6,10,13"
"orig_3x3",18,"14,4,17","14,4,17"
"orig_3x3",19,"16,5,15","16,5,15"
"orig_3x3",20,"3,1,8","3,1,8"
"orig_3x3",21,"10,6,7","10,6,7"
"orig_3x3",22,"18,14,9","18,14,9"
"orig_3x3",23,"15,17,13","15,17,13"
"orig_3x3",24,"8,4,2","8,4,2"
"orig_3x3",25,"14,16,11","14,16,11"
"orig_3x3",26,"10,15,5","10,15,5"
"orig_3x3",27,"7,13,18","7,13,18"
"orig_3x3",28,"3,18,9","3,18,9"
"orig_3x3",29,"6,11,17","6,11,17"
"orig_3x3",30,"2,10,4","2,10,4"
"orig_3x3",31,"16,9,5","16,9,5"
"orig_3x3",32,"12,3,1","12,3,1"
"orig_3x3",33,"13,8,7","13,8,7"
"orig_3x3",34,"15,2,17","15,2,17"
"orig_3x3",35,"16,6,11","16,6,11"
"orig_3x3",36,"1,14,12","1,14,12"
"cont_div6-12",1,"10,11,12","10,11,12"
"cont_div6-12",2,"1,2,3","1,2,3"
"cont_div6-12",3,"13,14,15","13,14,15"
"cont_div6-12",4,"7,8,9","7,8,9"
"cont_div6-12",5,"4,5,6","4,5,6"
"cont_div6-12",6,"16,17,18","16,17,18"
"cont_div6-12",7,"1,6,5","1,6,5"
"cont_div6-12",8,"10,14,15","10,14,15"
"cont_div6-12",9,"12,13,11","12,13,11"
"cont_div6-12",10,"1,2,6","1,2,6"
"cont_div6-12",11,"10,15,18","10,15,18"
"cont_div6-12",12,"16,11,14","16,11,14"
"cont_div6-12",13,"4,5,3","4,5,3"
"cont_div6-12",14,"7,17,15","7,17,15"
"cont_div6-12",15,"13,10,16","13,10,16"
"cont_div6-12",16,"1,5,3","1,5,3"
"cont_div6-12",17,"2,4,6","2,4,6"
"cont_div6-12",18,"10,17,9","10,17,9"
"cont_div6-12",19,"13,8,18","13,8,18"
"cont_div6-12",20,"12,16,7","12,16,7"
"cont_div6-12",21,"8,11,14","8,11,14"
"cont_div6-12",22,"2,3,4","2,3,4"
"cont_div6-12",23,"18,12,9","18,12,9"
"cont_div6-12",24,"17,13,8","17,13,8"
"cont_div6-12",25,"7,16,11","7,16,11"
"cont_div6-12",26,"15,9,18","15,9,18"
"cont_div6-12",27,"3,4,5","3,4,5"
"cont_div6-12",28,"14,7,17","14,7,17"
"cont_div6-12",29,"12,8,15","12,8,15"
"cont_div6-12",30,"9,18,14","9,18,14"
"cont_div6-12",31,"16,13,7","16,13,7"
"cont_div6-12",32,"2,1,6","2,1,6"
"cont_div6-12",33,"17,12,10","17,12,10"
"cont_div6-12",34,"2,3,4","2,3,4"
"cont_div6-12",35,"8,11,9","8,11,9"
"cont_div6-12",36,"6,5,1","6,5,1"
"1_max_temp_spat_cont_orig",1,"4,15,5,8","4,15,5,8"
"1_max_temp_spat_cont_orig",2,"4,7,5,8","4,7,5,8"
"1_max_temp_spat_cont_orig",3,"9,7,10,8","9,7,10,8"
"1_max_temp_spat_cont_orig",4,"17,7,10,8","17,7,10,8"
"1_max_temp_spat_cont_orig",5,"5,3,10,17","5,3,10,17"
"1_max_temp_spat_cont_orig",6,"16,3,10,4","16,3,10,4"
"1_max_temp_spat_cont_orig",7,"16,5,18,4","16,5,18,4"
"1_max_temp_spat_cont_orig",8,"16,11,14,18","16,11,14,18"
"1_max_temp_spat_cont_orig",9,"3,11,14,18","3,11,14,18"
"1_max_temp_spat_cont_orig",10,"3,12,14,1","3,12,14,1"
"1_max_temp_spat_cont_orig",11,"3,12,7,1","3,12,7,1"
"1_max_temp_spat_cont_orig",12,"13,15,7,1","13,15,7,1"
"1_max_temp_spat_cont_orig",13,"13,2,9,1","13,2,9,1"
"1_max_temp_spat_cont_orig",14,"13,2,4,8","13,2,4,8"
"1_max_temp_spat_cont_orig",15,"11,2,13,16","11,2,13,16"
"1_max_temp_spat_cont_orig",16,"6,2,13,10","6,2,13,10"
"1_max_temp_spat_cont_orig",17,"6,2,9,18","6,2,9,18"
"1_max_temp_spat_cont_orig",18,"11,2,9,17","11,2,9,17"
"1_max_temp_spat_cont_orig",19,"10,1,9,17","10,1,9,17"
"1_max_temp_spat_cont_orig",20,"5,1,9,14","5,1,9,14"
"1_max_temp_spat_cont_orig",21,"5,17,12,14","5,17,12,14"
"1_max_temp_spat_cont_orig",22,"16,17,12,15","16,17,12,15"
"1_max_temp_spat_cont_orig",23,"16,14,6,15","16,14,6,15"
"1_max_temp_spat_cont_orig",24,"4,11,6,15","4,11,6,15"
"1_max_temp_spat_cont_orig",25,"7,18,6,15","7,18,6,15"
"1_max_temp_spat_cont_orig",26,"12,18,6,3","12,18,6,3"
"1_max_temp_spat_cont_orig",27,"11,8,12,13","11,8,12,13"
"4_no_spat_orig_max_tc",1,"4,15,5,8","4,15,5,8"
"4_no_spat_orig_max_tc",2,"4,7,5,8","4,7,5,8"
"4_no_spat_orig_max_tc",3,"9,7,10,8","9,7,10,8"
"4_no_spat_orig_max_tc",4,"17,7,10,8","17,7,10,8"
"4_no_spat_orig_max_tc",5,"5,3,10,17","5,3,10,17"
"4_no_spat_orig_max_tc",6,"16,3,10,4","16,3,10,4"
"4_no_spat_orig_max_tc",7,"16,5,18,4","16,5,18,4"
"4_no_spat_orig_max_tc",8,"16,11,14,18","16,11,14,18"
"4_no_spat_orig_max_tc",9,"3,11,14,18","3,11,14,18"
"4_no_spat_orig_max_tc",10,"3,12,14,1","3,12,14,1"
"4_no_spat_orig_max_tc",11,"3,12,7,1","3,12,7,1"
"4_no_spat_orig_max_tc",12,"13,15,7,1","13,15,7,1"
"4_no_spat_orig_max_tc",13,"13,2,9,1","13,2,9,1"
"4_no_spat_orig_max_tc",14,"13,2,4,8","13,2,4,8"
"4_no_spat_orig_max_tc",15,"11,2,13,16","11,2,13,16"
"4_no_spat_orig_max_tc",16,"6,2,13,10","6,2,13,10"
"4_no_spat_orig_max_tc",17,"6,2,9,18","6,2,9,18"
"4_no_spat_orig_max_tc",18,"11,2,9,17","11,2,9,17"
"4_no_spat_orig_max_tc",19,"10,1,9,17","10,1,9,17"
"4_no_spat_orig_max_tc",20,"5,1,9,14","5,1,9,14"
"4_no_spat_orig_max_tc",21,"5,17,12,14","5,17,12,14"
"4_no_spat_orig_max_tc",22,"16,17,12,15","16,17,12,15"
"4_no_spat_orig_max_tc",23,"16,14,6,15","16,14,6,15"
"4_no_spat_orig_max_tc",24,"4,11,6,15","4,11,6,15"
"4_no_spat_orig_max_tc",25,"7,18,6,15","7,18,6,15"
"4_no_spat_orig_max_tc",26,"12,18,6,3","12,18,6,3"
"4_no_spat_orig_max_tc",27,"11,8,12,13","11,8,12,13"
"Suanda2014-lowCD",1,"1,2","1,2"
"Suanda2014-lowCD",2,"7,5","7,5"
"Suanda2014-lowCD",3,"3,4","3,4"
"Suanda2014-lowCD",4,"5,6","5,6"
"Suanda2014-lowCD",5,"1,3","1,3"
"Suanda2014-lowCD",6,"7,8","7,8"
"Suanda2014-lowCD",7,"1,2","1,2"
"Suanda2014-lowCD",8,"3,4","3,4"
"Suanda2014-lowCD",9,"5,6","5,6"
"Suanda2014-lowCD",10,"2,4","2,4"
"Suanda2014-lowCD",11,"7,8","7,8"
"Suanda2014-lowCD",12,"1,2","1,2"
"Suanda2014-lowCD",13,"8,6","8,6"
"Suanda2014-lowCD",14,"3,4","3,4"
"Suanda2014-lowCD",15,"5,6","5,6"
"Suanda2014-lowCD",16,"7,8","7,8"
"Suanda2014-medCD",1,"1,2","1,2"
"Suanda2014-medCD",2,"6,8","6,8"
"Suanda2014-medCD",3,"3,4","3,4"
"Suanda2014-medCD",4,"5,6","5,6"
"Suanda2014-medCD",5,"7,8","7,8"
"Suanda2014-medCD",6,"6,7","6,7"
"Suanda2014-medCD",7,"1,2","1,2"
"Suanda2014-medCD",8,"3,4","3,4"
"Suanda2014-medCD",9,"5,6","5,6"
"Suanda2014-medCD",10,"7,8","7,8"
"Suanda2014-medCD",11,"1,3","1,3"
"Suanda2014-medCD",12,"5,8","5,8"
"Suanda2014-medCD",13,"1,4","1,4"
"Suanda2014-medCD",14,"2,3","2,3"
"Suanda2014-medCD",15,"5,7","5,7"
"Suanda2014-medCD",16,"2,4","2,4"
"Suanda2014-hiCD",1,"5,7","5,7"
"Suanda2014-hiCD",2,"1,2","1,2"
"Suanda2014-hiCD",3,"6,7","6,7"
"Suanda2014-hiCD",4,"3,4","3,4"
"Suanda2014-hiCD",5,"5,6","5,6"
"Suanda2014-hiCD",6,"7,8","7,8"
"Suanda2014-hiCD",7,"1,3","1,3"
"Suanda2014-hiCD",8,"2,6","2,6"
"Suanda2014-hiCD",9,"1,4","1,4"
"Suanda2014-hiCD",10,"3,7","3,7"
"Suanda2014-hiCD",11,"1,5","1,5"
"Suanda2014-hiCD",12,"4,8","4,8"
"Suanda2014-hiCD",13,"2,3","2,3"
"Suanda2014-hiCD",14,"6,8","6,8"
"Suanda2014-hiCD",15,"2,4","2,4"
"Suanda2014-hiCD",16,"5,8","5,8"
"Koehne2013-aaappp",1,"1","1,9,10,11"
"Koehne2013-aaappp",2,"1","1,12,13,14"
"Koehne2013-aaappp",3,"1","1,15,16,17"
"Koehne2013-aaappp",4,"1","1,2,3,4"
"Koehne2013-aaappp",5,"1","1,2,5,6"
"Koehne2013-aaappp",6,"1","1,2,7,8"
"Koehne2013-aaappp",7,"2","2,10,11,12"
"Koehne2013-aaappp",8,"2","2,13,14,15"
"Koehne2013-aaappp",9,"2","2,16,17,1"
"Koehne2013-aaappp",10,"2","2,3,4,5"
"Koehne2013-aaappp",11,"2","2,3,6,7"
"Koehne2013-aaappp",12,"2","2,3,8,9"
"Koehne2013-aaappp",13,"3","3,11,12,13"
"Koehne2013-aaappp",14,"3","3,14,15,16"
"Koehne2013-aaappp",15,"3","3,17,1,2"
"Koehne2013-aaappp",16,"3","3,4,5,6"
"Koehne2013-aaappp",17,"3","3,4,7,8"
"Koehne2013-aaappp",18,"3","3,4,9,10"
"Koehne2013-aaappp",19,"4","4,12,13,14"
"Koehne2013-aaappp",20,"4","4,15,16,17"
"Koehne2013-aaappp",21,"4","4,1,2,3"
"Koehne2013-aaappp",22,"4","4,5,6,7"
"Koehne2013-aaappp",23,"4","4,5,8,9"
"Koehne2013-aaappp",24,"4","4,5,10,11"
"Koehne2013-aaappp",25,"5","5,13,14,15"
"Koehne2013-aaappp",26,"5","5,16,17,1"
"Koehne2013-aaappp",27,"5","5,2,3,4"
"Koehne2013-aaappp",28,"5","5,6,7,8"
"Koehne2013-aaappp",29,"5","5,6,9,10"
"Koehne2013-aaappp",30,"5","5,6,11,12"
"Koehne2013-aaappp",31,"6","6,14,15,16"
"Koehne2013-aaappp",32,"6","6,17,1,2"
"Koehne2013-aaappp",33,"6","6,3,4,5"
"Koehne2013-aaappp",34,"6","6,7,8,9"
"Koehne2013-aaappp",35,"6","6,7,10,11"
"Koehne2013-aaappp",36,"6","6,7,12,13"
"Koehne2013-aaappp",37,"7","7,15,16,17"
"Koehne2013-aaappp",38,"7","7,1,2,3"
"Koehne2013-aaappp",39,"7","7,4,5,6"
"Koehne2013-aaappp",40,"7","7,8,9,10"
"Koehne2013-aaappp",41,"7","7,8,11,12"
"Koehne2013-aaappp",42,"7","7,8,13,14"
"Koehne2013-aaappp",43,"8","8,16,17,1"
"Koehne2013-aaappp",44,"8","8,2,3,4"
"Koehne2013-aaappp",45,"8","8,5,6,7"
"Koehne2013-aaappp",46,"8","8,9,10,11"
"Koehne2013-aaappp",47,"8","8,9,12,13"
"Koehne2013-aaappp",48,"8","8,9,14,15"
"Koehne2013-apapap",1,"1","1,9,10,11"
"Koehne2013-apapap",2,"1","1,2,3,4"
"Koehne2013-apapap",3,"1","1,12,13,14"
"Koehne2013-apapap",4,"1","1,2,5,6"
"Koehne2013-apapap",5,"1","1,15,16,17"
"Koehne2013-apapap",6,"1","1,2,7,8"
"Koehne2013-apapap",7,"2","2,10,11,12"
"Koehne2013-apapap",8,"2","2,3,6,7"
"Koehne2013-apapap",9,"2","2,13,14,15"
"Koehne2013-apapap",10,"2","2,3,8,9"
"Koehne2013-apapap",11,"2","2,16,17,1"
"Koehne2013-apapap",12,"2","2,3,4,5"
"Koehne2013-apapap",13,"3","3,11,12,13"
"Koehne2013-apapap",14,"3","3,4,5,6"
"Koehne2013-apapap",15,"3","3,14,15,16"
"Koehne2013-apapap",16,"3","3,4,7,8"
"Koehne2013-apapap",17,"3","3,17,1,2"
"Koehne2013-apapap",18,"3","3,4,9,10"
"Koehne2013-apapap",19,"4","4,12,13,14"
"Koehne2013-apapap",20,"4","4,5,6,7"
"Koehne2013-apapap",21,"4","4,15,16,17"
"Koehne2013-apapap",22,"4","4,5,8,9"
"Koehne2013-apapap",23,"4","4,1,2,3"
"Koehne2013-apapap",24,"4","4,5,10,11"
"Koehne2013-apapap",25,"5","5,13,14,15"
"Koehne2013-apapap",26,"5","5,6,7,8"
"Koehne2013-apapap",27,"5","5,16,17,1"
"Koehne2013-apapap",28,"5","5,6,9,10"
"Koehne2013-apapap",29,"5","5,2,3,4"
"Koehne2013-apapap",30,"5","5,6,11,12"
"Koehne2013-apapap",31,"6","6,14,15,16"
"Koehne2013-apapap",32,"6","6,7,8,9"
"Koehne2013-apapap",33,"6","6,17,1,2"
"Koehne2013-apapap",34,"6","6,7,10,11"
"Koehne2013-apapap",35,"6","6,3,4,5"
"Koehne2013-apapap",36,"6","6,7,12,13"
"Koehne2013-apapap",37,"7","7,15,16,17"
"Koehne2013-apapap",38,"7","7,8,9,10"
"Koehne2013-apapap",39,"7","7,1,2,3"
"Koehne2013-apapap",40,"7","7,8,11,12"
"Koehne2013-apapap",41,"7","7,4,5,6"
"Koehne2013-apapap",42,"7","7,8,13,14"
"Koehne2013-apapap",43,"8","8,16,17,1"
"Koehne2013-apapap",44,"8","8,9,10,11"
"Koehne2013-apapap",45,"8","8,2,3,4"
"Koehne2013-apapap",46,"8","8,9,12,13"
"Koehne2013-apapap",47,"8","8,5,6,7"
"Koehne2013-apapap",48,"8","8,9,14,15"
"Koehne2013-papapa",1,"1","1,2,3,4"
"Koehne2013-papapa",2,"1","1,9,10,11"
"Koehne2013-papapa",3,"1","1,2,5,6"
"Koehne2013-papapa",4,"1","1,12,13,14"
"Koehne2013-papapa",5,"1","1,2,7,8"
"Koehne2013-papapa",6,"1","1,15,16,17"
"Koehne2013-papapa",7,"2","2,3,4,5"
"Koehne2013-papapa",8,"2","2,10,11,12"
"Koehne2013-papapa",9,"2","2,3,6,7"
"Koehne2013-papapa",10,"2","2,13,14,15"
"Koehne2013-papapa",11,"2","2,3,8,9"
"Koehne2013-papapa",12,"2","2,16,17,1"
"Koehne2013-papapa",13,"3","3,4,5,6"
"Koehne2013-papapa",14,"3","3,11,12,13"
"Koehne2013-papapa",15,"3","3,4,7,8"
"Koehne2013-papapa",16,"3","3,14,15,16"
"Koehne2013-papapa",17,"3","3,4,9,10"
"Koehne2013-papapa",18,"3","3,17,1,2"
"Koehne2013-papapa",19,"4","4,5,6,7"
"Koehne2013-papapa",20,"4","4,12,13,14"
"Koehne2013-papapa",21,"4","4,5,8,9"
"Koehne2013-papapa",22,"4","4,15,16,17"
"Koehne2013-papapa",23,"4","4,5,10,11"
"Koehne2013-papapa",24,"4","4,1,2,3"
"Koehne2013-papapa",25,"5","5,6,7,8"
"Koehne2013-papapa",26,"5","5,13,14,15"
"Koehne2013-papapa",27,"5","5,6,9,10"
"Koehne2013-papapa",28,"5","5,16,17,1"
"Koehne2013-papapa",29,"5","5,6,11,12"
"Koehne2013-papapa",30,"5","5,2,3,4"
"Koehne2013-papapa",31,"6","6,7,8,9"
"Koehne2013-papapa",32,"6","6,14,15,16"
"Koehne2013-papapa",33,"6","6,7,10,11"
"Koehne2013-papapa",34,"6","6,17,1,2"
"Koehne2013-papapa",35,"6","6,7,12,13"
"Koehne2013-papapa",36,"6","6,3,4,5"
"Koehne2013-papapa",37,"7","7,8,9,10"
"Koehne2013-papapa",38,"7","7,15,16,17"
"Koehne2013-papapa",39,"7","7,8,11,12"
"Koehne2013-papapa",40,"7","7,1,2,3"
"Koehne2013-papapa",41,"7","7,8,13,14"
"Koehne2013-papapa",42,"7","7,4,5,6"
"Koehne2013-papapa",43,"8","8,9,10,11"
"Koehne2013-papapa",44,"8","8,16,17,1"
"Koehne2013-papapa",45,"8","8,9,12,13"
"Koehne2013-papapa",46,"8","8,2,3,4"
"Koehne2013-papapa",47,"8","8,9,14,15"
"Koehne2013-papapa",48,"8","8,5,6,7"
"Koehne2013-pppaaa",1,"1","1,2,3,4"
"Koehne2013-pppaaa",2,"1","1,2,5,6"
"Koehne2013-pppaaa",3,"1","1,2,7,8"
"Koehne2013-pppaaa",4,"1","1,9,10,11"
"Koehne2013-pppaaa",5,"1","1,12,13,14"
"Koehne2013-pppaaa",6,"1","1,15,16,17"
"Koehne2013-pppaaa",7,"2","2,3,4,5"
"Koehne2013-pppaaa",8,"2","2,3,6,7"
"Koehne2013-pppaaa",9,"2","2,3,8,9"
"Koehne2013-pppaaa",10,"2","2,10,11,12"
"Koehne2013-pppaaa",11,"2","2,13,14,15"
"Koehne2013-pppaaa",12,"2","2,16,17,1"
"Koehne2013-pppaaa",13,"3","3,4,5,6"
"Koehne2013-pppaaa",14,"3","3,4,7,8"
"Koehne2013-pppaaa",15,"3","3,4,9,10"
"Koehne2013-pppaaa",16,"3","3,11,12,13"
"Koehne2013-pppaaa",17,"3","3,14,15,16"
"Koehne2013-pppaaa",18,"3","3,17,1,2"
"Koehne2013-pppaaa",19,"4","4,5,6,7"
"Koehne2013-pppaaa",20,"4","4,5,8,9"
"Koehne2013-pppaaa",21,"4","4,5,10,11"
"Koehne2013-pppaaa",22,"4","4,12,13,14"
"Koehne2013-pppaaa",23,"4","4,15,16,17"
"Koehne2013-pppaaa",24,"4","4,1,2,3"
"Koehne2013-pppaaa",25,"5","5,6,7,8"
"Koehne2013-pppaaa",26,"5","5,6,9,10"
"Koehne2013-pppaaa",27,"5","5,6,11,12"
"Koehne2013-pppaaa",28,"5","5,13,14,15"
"Koehne2013-pppaaa",29,"5","5,16,17,1"
"Koehne2013-pppaaa",30,"5","5,2,3,4"
"Koehne2013-pppaaa",31,"6","6,7,8,9"
"Koehne2013-pppaaa",32,"6","6,7,10,11"
"Koehne2013-pppaaa",33,"6","6,7,12,13"
"Koehne2013-pppaaa",34,"6","6,14,15,16"
"Koehne2013-pppaaa",35,"6","6,17,1,2"
"Koehne2013-pppaaa",36,"6","6,3,4,5"
"Koehne2013-pppaaa",37,"7","7,8,9,10"
"Koehne2013-pppaaa",38,"7","7,8,11,12"
"Koehne2013-pppaaa",39,"7","7,8,13,14"
"Koehne2013-pppaaa",40,"7","7,15,16,17"
"Koehne2013-pppaaa",41,"7","7,1,2,3"
"Koehne2013-pppaaa",42,"7","7,4,5,6"
"Koehne2013-pppaaa",43,"8","8,9,10,11"
"Koehne2013-pppaaa",44,"8","8,9,12,13"
"Koehne2013-pppaaa",45,"8","8,9,14,15"
"Koehne2013-pppaaa",46,"8","8,16,17,1"
"Koehne2013-pppaaa",47,"8","8,2,3,4"
"Koehne2013-pppaaa",48,"8","8,5,6,7"
